,userid,shopid,itemid,rating,rating_star,comments,Topic
7,30504006,4159855,36014559,1,5,Although it's mini but it vibrated stronger than expected. Gods stuff.,NI
10,10124621,4159855,30995977,-1,1,Take 2 months to receive the item,LLDT
14,177592,4159855,30017266,1,5,Nice.,NI
17,6369646,4159855,30974427,0,0,Mcm mne nk order,SMI
22,2955892,4159855,36263664,0,0,Can play video?,SMI
27,11130525,4159855,36014579,1,5,Excellent service by seller,NI
28,21727888,4159855,258266393,-1,1,Extra charge by the seller after the first payment done. The seller justify that Kuala Terengganu is East Malaysia eventhough I already explained that it was not. As a result I need to pay an extra RM9.90 due for this reason. I feel cheated.,SSC
34,7202406,4159855,30044051,0,0,Still available,SMI
36,3740746,4159855,30064571,1,5,Very beautiful mouse.. worth the money,NI
37,12494082,4159855,55889715,0,2,Poor product quality,PQ
42,8423003,4159855,30995952,0,0,There is no lg stock?,SMI
44,322741,4159855,55889612,0,0,"Hi, is there to adjust your volume?",SMI
48,7444760,4159855,47512837,0,0,Good product,NI
49,8563492,4159855,34049834,0,0,We entered the product code for the product code,NI
53,7716326,4159855,30046605,1,5,before my astro signal 72%.after use this 100%.recomended.good product,NI
55,6199532,4159855,30065594,0,0,There is another x,NI
58,4149163,4159855,33132058,1,5,"The price is worth it, but a bit hard to play when there is a bright place, too shinning for me, but it's look cool, great collection item.",PIM
59,9549959,4159855,29733706,1,4,Happy with the product..  ,NI
67,11729130,4159855,98407190,0,3,It is pretty. But the material is 90% polyester and 10% spandex. Not cotton blend whatsoever. It's like you're wearing plastics.,PQ
70,8261300,4159855,44234068,0,0,Do you know avail?,SMI
72,6610768,4159855,30022550,0,0,Stock available x,NI
73,26575238,4159855,43450686,0,0,How the distance?,SMI
75,13160076,4159855,33475339,0,0,order 6/4/2017 but skg sdh 20/4/2017 not to mention can brg.tulis 4 days je,NI
79,14622945,4159855,33436880,0,0,"May I ask if mixing is allowed? 20pcs of Red, Yellow, Green, Purple, and Orange?",SMI
86,6028572,4159855,38333364,0,0,With camera?,SMI
90,16549185,4159855,30065594,0,0,hi to myvi can to,NI
92,8259355,4159855,41648423,1,5,very satisfied hti ... best hour ... sgt cntik ... xrugi if buy,NI
96,8130422,4159855,34049834,-1,1,"Product quality below expectation .description abit mislead .overall usable but you get what u pay

1-Battery cant fully charge
2- so call night vision is juz an LED light .(doesn help at all )
3- Switch to auto led but doesn response .need turn on and off manually
4-Gsensor is not working","PIM,PQ"
99,8657101,4159855,46060621,-1,1,Bad service !! Smpai skrg brg x smpai .. order dh complete .. bila tanya .. brg dhantar balik dgn dia & jnji nak refund .. tp smpai skrg xda apa2 ..,SSC
102,8961152,4159855,38056931,0,0,Still valid?,SMI
105,6770404,4159855,33475438,0,0,still available?,SMI
108,6612641,4159855,36657706,0,0,Which of the following is a Bluetooth car for you?,SMI
109,30666736,4159855,38057031,0,0,motion sensor or vibration sensor ??,SMI
111,1339029,4159855,31291516,1,5,Great,NI
119,14824979,4159855,63008738,0,0,Hi can COD?,SMI
127,5809786,4159855,43808399,0,0,preorder how many days to selangor?,SMI
130,23401967,4159855,225779878,1,5,Until now..i did not receive this item!,NI
133,6558298,4159855,36014545,1,5,Good service...fast delivery ,NI
134,8571676,4159855,286020959,0,3,Product quality is ok,NI
138,2209006,4159855,33770431,1,5,Love this MP3 very much - it has a clear display screen that shows the songs & many functions ,NI
146,9759670,4159855,232320257,1,5,This is a real joke. I havent received the things i paid for and it says my purchase is completed. Come on. Im definitely gonna rate 5 stars for this joke. Great job there seller! What a great job to say my purchase completed when i havent received anything. Good!,LLDT
148,7013245,4159855,30045769,0,0,How do we connect it to light it up,SMI
150,5586847,4159855,34430095,0,0,Ni if buy brg xde.x up. Money refund x?,SMI
157,4294962,4159855,30261380,1,5,Sgt murah dn ok .. berbaloi utk beli ... brg diterima lbh cpt dri dijangka ..,NI
158,7667177,4159855,36263633,0,0,"woww, saye nak",NI
162,11413441,4159855,29733765,0,3,Delivery time as expected,NI
163,7368178,4159855,41646189,0,0,this is not for ejuice.it's only for wax or dry herbs,SMI
172,5660507,4159855,50234515,0,0,there is stock kh?,SMI
177,9549959,4159855,49689400,1,4,Worth buying it .. Recomended,NI
180,4256243,4159855,36263666,1,5,Good,NI
181,6965510,4159855,55891571,0,0,which variation is the one with cat?,SMI
184,8804117,4159855,38056931,0,0,From lg x .. ??,SMI
189,15985939,4159855,50237362,0,0,post to sabah brpa ya?,SMI
191,6369646,4159855,30974427,0,0,How to do make payment,SMI
193,3701581,4159855,33437119,1,5,Very good,NI
194,350950,4159855,42143341,1,5,Great product!,NI
204,6151660,4159855,33770485,0,0,Ada memory kad skli x... 32 g kn,SMI
211,6068228,4159855,49189015,1,5,Same like the photo ,NI
213,5174600,4159855,55896356,-1,1,"The clip is low quality, not fit device & no manner how I adjust still block by the black circle. Only a few snap clip spin opened.  I got to fixed cloth peg. Very poor product quality",PQ
219,10813307,4159855,30044051,0,0,@mazazah 69 OK new masks?,SMI
223,9933814,4159855,34049870,1,5,"tq...trasted seller...
maybe take few day to received parcel..
bcoz shipping from oversea...
sure recommended..
nice music n song...
so many to choose ding dong bell music...",NI
228,11552671,4159855,30969148,1,4,Thanks fast deliver i will shop from u next time tq,NI
234,6367590,4159855,44881223,0,0,"@tbn11 hii. Sorry just want to know, how long time it will take to received the item?",SMI
238,2313594,4159855,30995999,0,0,Still available?,SMI
243,3939896,4159855,47514680,1,4,Not bad,NI
245,8670009,4159855,33770546,0,0,Blh masry memry x card?,SMI
248,4791179,4159855,233233418,-1,1,Camera cannot use,PQ
249,5075874,4159855,127314826,0,0,Hi..this one can use for note4?,SMI
251,10553876,4159855,36014552,0,0,Can i order this,SMI
255,11787320,4159855,63007900,1,4,Thank you!,NI
258,10729744,4159855,29733727,0,0,@syafiqahhussin a week of goods until,SMI
259,5290088,4159855,30064571,0,0,give the item not complete very bad seller,SMI
262,18558405,4159855,123555130,1,5,5day only delivery so fast ,NI
263,7233171,4159855,33770539,0,0,Boley connect dgn laptop so?,SMI
268,13160076,4159855,33475339,0,0,26/4/2017 still no longer received this wallet,LLDT
269,2819333,4159855,34463963,0,0,Nk tnya shaper ni dia berlipat x,NI
278,4350067,4159855,44882429,0,0,still,NI
279,9196689,4159855,34049859,0,0,Ade is nothing,NI
281,4161139,4159855,30974427,0,0,"@yuszrina it is ready stock,1,click ""buy now"" and click""variation"" to select the size and color.
2,fill in your shipping address
3,complete the payment.
once the payment was confirmed,we will ship out",NI
287,6236906,4159855,32062135,0,0,"Hi, still available?",SMI
288,7396931,4159855,34049834,0,0,Congratulations in cheap ni ...,SMI
293,9104497,4159855,37519519,0,0,Ad lgi x stock sy nk bli one,NI
302,266599,4159855,34049834,1,5,nice..,NI
303,11776896,4159855,38334282,1,5,Excellent service by seller,NI
304,6855650,4159855,30261380,1,5,Received it. Yeay. ,NI
305,13933938,4159855,46059002,0,0,This product available?,SMI
306,6230652,4159855,49188522,1,4,It's a nice bag. But it smaller than image.,NI
307,5357352,4159855,46161964,0,3,got the parcel in good condition. but the item is too different from the picture,PIM
308,9012121,4159855,52218854,1,4,Excellent service by seller,NI
309,12215171,4159855,46537864,0,3,"I asked for cupcake(red)..i received ice-cream(black)..very dissapointed..
#fast delivery",PIM
314,1069823,4159855,34049834,-1,1,If can don't buy this. Really waste my money. Contact seller asking about the problem but waiting around 2 days also no reply. No nxt time.,SSC
315,9218904,4159855,34049834,0,0,With memory card or no,SMI
316,10400425,4159855,49196341,1,5,Trust seller,NI
323,13602433,4159855,30268547,1,5,Ok.,NI
325,5706433,4159855,33475360,0,0,Is there more,SMI
326,8963210,4159855,30065859,0,0,Hi how do i buy this?n whats the postage cost?,SMI
327,9601921,4159855,90400515,0,0,What size u have for license plate?,SMI
333,5489517,4159855,30969138,0,0,Still looks& work like brand new,SMI
337,19001032,4159855,228663281,1,5,"Fits well..love it..soft material(rayon).
(Size XL -my height 166cm)",NI
345,8419867,4159855,77571268,0,3,Product quality is ok.. But i got the wrong colour and i don't like the colour because it is not nice..  Please i want return it and get the colour that i want. ,PIM
346,10724925,4159855,74677041,0,0,Of original,NI
352,23043926,4159855,30263708,0,3,Product quality is ok,PQ
363,4141575,4159855,30045567,1,5,Love it!,NI
365,8086560,4159855,33475352,0,0,Good,NI
381,6810851,4159855,33475384,0,0,Free postage?,SMI
384,4161139,4159855,30014934,0,0,"@ruslanmusi80 sorry,could you please speak English or Chinese?any question,pls contract us by chatting",NI
391,8048276,4159855,46057057,1,5,Satisfied with this wallet's quality. The best,NI
392,5297771,4159855,30025748,-1,1,this my second time i buy from u but this time the quality of the product not like before.. ,PQ
401,2575773,4159855,32062133,0,0,Shower head tu with his trunk to the boss ??,SMI
406,7420254,4159855,44881223,0,0,@lbhock123 The headphone can cover over the ear area and the bass sound was good.,NI
411,6496090,4159855,30982888,1,5,my wife like this item 5star,NI
416,3220879,4159855,46059763,0,0,@ aqmakarim87 kain mati thin gler arh,NI
426,6418033,4159855,60806482,0,0,ok,NI
427,31166056,4159855,30026378,1,4,Good service by seller,NI
430,23353195,4159855,43449796,0,0,Mc mne nak tahu cod promo,NI
431,34390886,4159855,232690489,0,0,Included rear camera or no,SMI
435,7316909,4159855,30043225,0,0,@ditamoxcit slow to stuff up?,NI
440,22384827,4159855,232320257,0,0,I want that can blow in the dark,SMI
442,7619563,4159855,33437113,0,0,There is no selling spare part batery for drone jxd 509 w pioneer,SMI
445,6348407,4159855,46156108,1,5,fast shipping and wallet is nice simple with a lot of pocket....,NI
447,8384683,4159855,36657617,0,0,"Hi,is it ready stock?",SMI
449,25937877,4159855,49184962,0,2,"Poor product quality.tear cotton
Fail",PQ
455,5949563,4159855,34430095,0,0,Hi how long the thing will be arrive,SMI
462,2545484,4159855,33475447,0,0,bro .. mcm mn nk or ek ..?,SMI
465,16722323,4159855,32149796,0,0,poor service! the seller request for adding price,SSC
466,2967368,4159855,29733765,1,4,"One of the best services ever! Very prompt reply and never avoiding any questions. However, i wouldn't reccomend this product. Cheers!",NI
468,15092475,4159855,30969138,-1,1,seller mentally crazy.Selling item without stock. Very poor service by seller,SSC
475,8027405,4159855,44233231,0,0,how many days postage to puchong ??? waterproofing ???,SMI
476,10061123,4159855,31291538,0,3,Just have it dont know how good it is.,NI
481,2430263,4159855,30974428,1,5,Good in condition and working well..thanks,NI
491,5452170,4159855,57270072,0,0,for ip5 ad no?,SMI
500,5290088,4159855,34049834,0,0,give the things not complete,SMI
507,10422127,4159855,47519251,0,3,"The quality corresponds to the price. Short, broad and thin.",NI
510,16044128,4159855,30064309,0,0,Enter postage to sabah rm brpa?,SMI
512,7614986,4159855,33770425,0,0,Can this always plug in?,SMI
515,6721246,4159855,31291516,0,0,@tajiee so?,NI
518,2741466,4159855,33132031,0,0,Minimum capacity is 10g?,SMI
526,1339029,4159855,33131999,1,5,Thanks.. Good packaging,NI
542,7138180,4159855,30043908,0,0,Please PM phone number for wholesale transmitter purchase,SMI
543,8681456,4159855,44902488,0,0,How many days did it get to us?,SMI
545,976047,4159855,30982870,0,0,Area mana boss,NI
550,4294962,4159855,30261380,0,0,I thought the delivery is free.. why there is RM4.10 added when i want to pay?,SMI
555,4999729,4159855,34463963,0,0,"I want  4 m size  black, u have?",SMI
558,13880770,4159855,41772254,0,3,"Skru missing, tools missing",PIM
567,5051491,4159855,46162100,0,0,what size,SMI
569,15921616,4159855,46536509,0,3,Poor service by seller Poor product quality,"SSC,PQ"
570,7487527,4159855,33475345,0,0,Of yag ni adalaj?,SMI
571,8516709,4159855,29731514,0,2,"Not what I expected tbh, the assembly part was a heck a lot of work. And quite surprised that we had to assemble ourself the projection film(the globe), they should assemble it for us so that it wont look ugly... ",PIM
575,12292372,4159855,30042985,0,0,@esahdunnhill can x splitter by utk share byk disc or utk share byk decoder ??,NI
576,6577930,4159855,33475510,0,0,Can use sd card ?,SMI
577,15590574,4159855,38333372,-1,1,the cheat money he took for the smpai now,SSC
590,10016154,4159855,46161964,-1,1,Very poor product quality Very poor product quality Very poor product quality,PQ
594,5290088,4159855,37519688,0,0,this item not complete,SMI
602,5560239,4159855,38333423,1,5,received with good ,NI
606,6080996,4159855,30065424,0,0,this product for any car?,SMI
622,8598846,4159855,30269543,0,0,Stock available?,SMI
626,34009354,4159855,323327002,0,2,Delivery time below expectation,LLDT
630,17926382,4159855,46156106,0,0,Maroon color still available?,SMI
635,11285663,4159855,44881223,0,0,"@fifaaa_  hi there!
Can I know how is the sound quality?
Also, cover whole ear & comfortable?",NI
640,5290088,4159855,30995952,0,0,note,NI
644,1337109,4159855,44882635,0,0,@mymaxisnumber is it true wireless ??,SMI
651,27744232,4159855,32149776,0,2,Poor product quality Delivery time below expectation,"LLDT,PQ"
661,5213438,4159855,34049834,-1,1,"NOT RECOMMENDED. Although cheap is not worth buying. The specifications in the ad are not on the item eg hd image, auto zoom, night camera etc. The charge battery is never full. Blur screen. Not functioning well always hang.","PQ,PIM"
668,1339029,4159855,90402677,1,5,Excellent service by sellerK.. recommended,NI
673,6899248,4159855,31291503,0,0,"Hai, still have for readystock??? I want it dear",SMI
674,4143559,4159855,30982870,0,0,Could this be use on ukulele also? :),SMI
676,5614688,4159855,34463967,0,0,"See nothing. Buy 2 ,1not function",PQ
683,319744,4159855,34049834,1,5,Product in good condition....,NI
689,7489251,4159855,33770452,1,5,The speaker not working..only one is good,NI
705,15971319,4159855,30982888,0,2,Poor product quality,PQ
707,11124829,4159855,74677041,1,5,Satisfied! Good service! Thank you!,NI
711,16537535,4159855,46056676,1,5,fast delivery but product not so comfortable for fatty user,NI
713,8094832,4159855,33770431,0,0,X,NI
716,11835069,4159855,63007883,0,0,How many times can it use?,SMI
726,8316453,4159855,36657659,0,0,I want to buy jewellery scale weigting,SMI
728,2209006,4159855,33770431,1,5,Love this MP3 very much - it has a clear display screen that shows the songs & many functions,NI
729,11844783,4159855,46063841,0,0,What is the distance from one walkie talkie to a yellow walkie talkie?,SMI
730,4750269,4159855,30064027,0,0,??day to ship is 3 days or 12days,SMI
731,8873860,4159855,43450686,0,0,You have how many km,SMI
732,16377607,4159855,258266393,1,5,Extra shipping for east malaysia...,NI
734,12054146,4159855,55896356,1,5,Delivery is ok just that the mobile lens not suitable for iPhone 6+. ,NI
745,5461903,4159855,35312606,0,0,can we stack camera/ gopro on it?,SMI
746,5000689,4159855,30065594,0,0,Is Black colour still available? Thanks!,SMI
749,4992803,4159855,30982870,0,0,Can choose a color ..?,SMI
766,11458934,4159855,30266506,1,5,Well done bro.pump work perfectly recommend seller,NI
774,8716173,4159855,30048078,1,5,Quite small but expected.,NI
775,1436516,4159855,111390528,1,5,Good product.,NI
776,4110797,4159855,34463963,0,0,@ queen43 ok ok ok tq,NI
782,8674821,4159855,34049834,0,0,Overseas camera x?,SMI
786,15872289,4159855,41646588,0,3,Sometimes it's not light...,PQ
787,3422782,4159855,37519488,0,0,@adrianna_hafif ade video record x.,NI
788,10769192,4159855,36263651,0,3,Delivery time as expected,NI
792,6558298,4159855,46536370,1,5,Good service...fast delivery,NI
793,4161139,4159855,30050199,0,0,"@adria768 sorry,currently no for iphone 6S",NI
799,8161076,4159855,38333373,0,0,Include camera?,SMI
804,1339029,4159855,33770400,1,5,Superb..,NI
817,6389478,4159855,33770418,0,0,@zulkhairizulkapeli does it effective?,SMI
818,7946143,4159855,38056931,0,0,can put heavy things?,SMI
825,12203118,4159855,38056931,0,0,Nak ... blh fume sy 0169372818,NI
827,5156225,4159855,57272098,0,0,"if i order today, can you delivery by 28th Sept 2016?",SMI
836,10760092,4159855,55896356,0,0,Can fit smarphone xperia z ultra,SMI
839,4885138,4159855,50234515,0,0,@maslinamejan way 2star any problem ya this product?,NI
853,3779290,4159855,34049922,1,5,Excellent service by seller,NI
869,10451461,4159855,60806482,0,0,offered mi gna charger battery,NI
871,10367669,4159855,46156099,0,3,Faded colors already,PQ
872,13716483,4159855,46064514,0,0,What is the exact size of the bag? Will there be any measurement difference on the real product?,SMI
878,5031663,4159855,36014644,0,0,@frankitlim how is the performance of this item? good quality? night vision clear?,SMI
882,7215801,4159855,37799209,1,4,Quite good....,NI
884,10421955,4159855,33132085,0,0,@ zuriani66 wireles die tak elok ke? Sy new je remember to buy.,SMI
885,5290088,4159855,30995952,0,0,dont buy he give the item not complete n broken,PQ
888,9299143,4159855,50237362,0,0,Pm sis,NI
892,2955892,4159855,33770546,0,0,Can play video?,SMI
905,6460654,4159855,29731514,0,0,@cynthialee8550 why,NI
906,7842486,4159855,63008835,0,0,Still have stock?,SMI
908,5080630,4159855,38056931,0,3,some part of the not sewing up. overall ok.,PQ
910,7094125,4159855,33475431,0,0,How much does a post cost,SMI
915,11268907,4159855,44913755,0,0,The white stock is still no oder ni.kalau ade again ...,SMI
922,9872922,4159855,30046605,0,0,how do use ?,SMI
923,15092475,4159855,232320257,-1,1,seller mentally crazy.Selling item without stock. Very poor service by seller,SSC
927,2900977,4159855,30261380,0,0,Can use for all phones??,SMI
936,11321347,4159855,29733726,1,5,Received item in good  condition,NI
951,7194707,4159855,33770431,0,0,Can you hear the radio once?,SMI
961,3682114,4159855,63007855,1,5,Excellent service by seller,NI
962,4828584,4159855,34049834,0,0,this camera can use as card ?,SMI
964,7656205,4159855,33437141,0,0,For detail explain how to buy this item,SMI
965,5290088,4159855,37519688,0,0,a very bad seller,SSC
966,9985846,4159855,31291550,0,0,1 set of?,SMI
970,5163372,4159855,34463963,1,5,Good material. ,NI
972,5743814,4159855,30261380,0,0,Telling late spring,NI
980,8907431,4159855,46057057,1,5,"Love it, thanks!",NI
981,10493527,4159855,43449796,0,0,If i take 10pcs reel..can get sale price or not..n how much cost post,SMI
986,8616443,4159855,29731514,0,0,Is it still available?,SMI
988,7063057,4159855,44234068,1,4,The item receive but late i think its preorder. The saller said to me it ready stock.,SMI
989,13401189,4159855,63008833,0,0,Of mine,NI
994,16766820,4159855,31291501,0,0,How long is the cable? Confirm it's usb 3.0?,SMI
998,522906,4159855,34049834,0,0,@angle9916 this product ok tak?,SMI
1002,11606495,4159855,33475384,0,3,Earphone not really good,PQ
1003,17685027,4159855,30026676,-1,1,Delivery time below expectation Very poor service by seller,"LLDT,SSC"
1008,6770404,4159855,47513068,0,0,still available?,SMI
1012,4054170,4159855,44884047,1,5,This is my 2nd time bought this baby brush.. Fully recommended,NI
1018,2664942,4159855,30229750,1,4,Nice to use..but the bottom too thin,PIM
1023,4542464,4159855,30043908,0,0,Hai still available?,SMI
1029,5306236,4159855,30063598,0,0,have grey color？,NI
1030,24296242,4159855,90400554,1,5,Best do alarm ni haha,NI
1033,13275965,4159855,63008907,0,0,Is there a rear camera once?,SMI
1034,7805997,4159855,46057057,0,0,Anything else?,NI
1035,34009354,4159855,30063759,0,2,Delivery time below expectation,LLDT
1049,7370782,4159855,46536509,0,0,Is this product available,SMI
1051,7679992,4159855,114409102,-1,1,I still didnt get my order yet,LLDT
1052,8585971,4159855,47517705,1,4,Good... ,NI
1069,2469129,4159855,29731514,1,5,Its a excellent service,NI
1070,5638023,4159855,36014590,0,3,not really good quality,PQ
1075,4472568,4159855,30023992,1,5,The shipping is faster than estimated which is great. The product work and look good as well.,NI
1080,3777016,4159855,33437189,0,0,Hi why u didn't reply me? Still got stock or not?,SMI
1084,35927374,4159855,60804233,0,2,Poor product quality,PQ
1087,8084777,4159855,33475348,1,5,Good customer service :),NI
1089,7917317,4159855,30982888,0,0,I want to buy,SMI
1096,8677050,4159855,33770546,0,0,How long is the warranty?,SMI
1097,13544773,4159855,30065594,0,0,Cover sit mcm tu no sale to?,SMI
1113,10452578,4159855,33436837,0,2,Forgot to pox this for me,PIM
1117,3326146,4159855,37519562,0,0,@socoil23 is it come with camera ?,SMI
1126,5787966,4159855,46160902,1,4,nice..,NI
1132,10126798,4159855,33770546,0,0,pm,NI
1134,7277685,4159855,30043908,0,0,Does it have to be iphone5?,SMI
1142,5633352,4159855,30259472,0,0,is this an OEM of lifestraw? and certified to be safe to filter out bacteria?,SMI
1145,5921783,4159855,30014934,0,0,is there a white color ka boss?,SMI
1146,3194449,4159855,33132076,1,5,This item is gud.i just ordered yesterday and started using it d next day. Easy air flow thru it. Recommended for bikers.,NI
1151,8720759,4159855,46536509,0,0,Available?,SMI
1158,11249179,4159855,96565956,0,0,Still available????,SMI
1159,9533675,4159855,34049914,1,5,Good!!,NI
1163,8037687,4159855,46160902,0,0,Are there any more blue color stocks?,SMI
1164,12311602,4159855,111390552,0,0,Ready stock for ipad 2 ?,SMI
1166,10760092,4159855,55896356,0,0,Ygyf,NI
1169,8609333,4159855,50237047,0,0,ni design inspired dior ke?,SMI
1178,7124201,4159855,30256502,0,0,Ade stock no ??,SMI
1184,3534098,4159855,30064400,0,0,How can I buy,SMI
1187,9747296,4159855,33132066,0,0,How will take for delivery????,SMI
1188,10637403,4159855,46156108,1,4,Buy black purse for my mom and she like it..tq,NI
1201,12928245,4159855,42146980,1,4,Good Quality,NI
1209,18472994,4159855,42629140,-1,1,"My order was missing and I never receive the product even it showed""delivered"". Seller is not responsible type.  Do not purchase item from this seller.  They are cheated.   Very poor service by seller Very poor service by seller",SSC
1212,9759670,4159855,125669580,1,5,This is a real joke. I havent received the things i paid for and it says my purchase is completed. Come on. Im definitely gonna rate 5 stars for this joke. Great job there seller! What a great job to say my purchase completed when i havent received anything. Good!,LLDT
1218,9199500,4159855,55889982,0,0,There is no zip over a wild bag,PIM
1221,20403482,4159855,46057057,1,4,Item received in good condition.,NI
1222,5953312,4159855,46156099,0,0,sy nk beli .... wasap sy pls 0173550738,NI
1224,6426399,4159855,46537709,-1,1,"Receive a defective bag even though I have requested to check and send me a good one, bad service provided, not willing to allow return and resend new one, refund made, but I still suffer from losses! Totally dissatisfied and disappointed with the purchase!",RPI
1228,14831564,4159855,36657631,-1,1,Stated as 'Quick Release' prop guard but it is a 'screw on' material. Cant be put in the carrying drone bag without the prop guard be unscrewed 1st. Troublesome and felt cheated. Should be a none star rating Very poor product quality,PQ
1230,7712942,4159855,55893789,0,0,@deeflo is it nice?,SMI
1236,8657101,4159855,46060621,-1,1,Seller yg xbtggjwb!!!,NI
1239,686140,4159855,37799194,0,0,Monitor included,NI
1247,5834571,4159855,30050199,0,0,My ip is 6s,NI
1249,6068228,4159855,63007855,1,5,Same like the photo ..i really love it,NI
1255,5290088,4159855,30261380,0,0,dont buy so band,PQ
1256,8030213,4159855,46160902,0,0,Long time no matter what,NI
1257,6862728,4159855,32149791,1,5,Product is good.. only issue is that it came without the battery..,NI
1261,5447826,4159855,46161964,0,0,send Kat fb sy can ... sham.mala70@yahoo.com,NI
1262,9672888,4159855,33475415,-1,1,No cable charger,PIM
1273,4044640,4159855,30982901,1,5,Item arrived as per description. Tq,NI
1276,13525934,4159855,43352009,0,0,Rm8.90 for each or 1 set? Could you plz reply my comment,SMI
1280,6448801,4159855,44881223,0,0,sabah is also part of malaysia..,NI
1286,5807642,4159855,30974427,0,0,How to use... the music auto connect to speaker?,SMI
1291,11637811,4159855,30017622,0,0,Promo code mna ??,SMI
1295,19619556,4159855,125669607,0,0,If I want to buy this probably how long will the arrival of the goods?,SMI
1305,11260268,4159855,30047865,1,5,Excellent service by seller Excellent service by seller Excellent service by seller,NI
1306,4056147,4159855,34463963,0,0,helo mis .... bole flabber,NI
1319,998663,4159855,44882429,0,3,Doesn't fit in ear so well,PIM
1326,15291517,4159855,36263666,0,0,live view...???,NI
1328,2920156,4159855,33436912,1,4,Received in good condition,NI
1329,8585971,4159855,49683159,1,5,Thank you,NI
1334,1242119,4159855,49690009,0,0,Got warranty?,SMI
1337,7237237,4159855,49198725,0,0,Preorder or ready stock ? Free SD card ?,SMI
1345,8212184,4159855,33113962,1,5,Although seller send wrong item but seller willing to refund ..  Recommended seller ,RPI
1348,8517501,4159855,34463975,-1,1,Bad service,SSC
1350,6605010,4159855,30063759,0,0,Is it the mouse comes with silent mode ?,SMI
1352,4161139,4159855,77993414,0,0,@tinieramlee yes dear it have stock,NI
1355,8384945,4159855,33437029,0,0,"not the same as what I ordered,",PIM
1367,6347102,4159855,44881041,0,0,I need it in hurry... How many days it needs to reach me?,SMI
1368,4141575,4159855,30045567,0,0,"Hi I would like to ask how many days would it take to arrive approximately? I know it says 3days but just wanna make sure :) also, will the fairy light be exactly like the ones shown in picture? Thank you:)",SMI
1369,1303211,4159855,30016052,0,0,Length in meters?,SMI
1380,8124203,4159855,46536370,1,4,Item is in good condition. But take too long. Longest among all item i ordered on the same day. Tracking not update too.,NI
1392,8044595,4159855,33132085,0,0,"By phone, can you speak?",SMI
1397,1792443,4159855,30064571,0,3,"Actually i still havent received the goods. Its still pending at shah alam pos laju office. I called many times for 2 days also no body pick up and i m busy this weekend. So, hopefully next week i will go personally to collect this less than rm10 goods...experience not really good",LLDT
1407,1244890,4159855,30043225,0,0,@ditamoxcit mcmana sound dia? Good to or pain .. hehe,SMI
1408,27289248,4159855,47116422,0,0,iPhone 8 still available pink color for order,NI
1411,16056562,4159855,92610548,0,0,Inc pos bpe?,SMI
1413,8563492,4159855,34049834,0,0,Mcm ner nk make payment,NI
1415,5918646,4159855,44879655,0,0,@ctnuraintenah 1 je ... khas untuk belja kanan shja..tp smpai mmg lmbat laa amvil msa dlm 10 hingga 12 hari ...,NI
1417,7046321,4159855,30045670,0,0,there is no more stock,NI
1429,6647124,4159855,47519982,0,0,@chiusing slow x items up?,SMI
1430,9772928,4159855,43352009,0,0,"Hello, rm9.80 price is 1 set to or 1 pc only",SMI
1432,2352858,4159855,30974427,0,0,Hye..can some one teach me how to plug it??Its not working when I plug to my car..,SMI
1433,8281969,4159855,46156106,0,0,Brown colour still available?,SMI
1437,8505009,4159855,43352009,1,5,Good quality!!!,NI
1445,7299454,4159855,29727092,1,4,"Received product after a week,found 2 pieces broken at the moment.Will check again.Overall product still good.",NI
1454,7272763,4159855,34049834,1,5,Nice Product.,NI
1456,3860654,4159855,30044051,0,0,Ok jek ..... according to price ...,NI
1458,3036863,4159855,33770546,0,0,Can add on memory?,SMI
1459,5447182,4159855,46063841,-1,1,Cannot connect with Baofeng BF-888s that is sell in Malaysia,PQ
1461,27609355,4159855,33437006,0,0,"Waist for 30 ""prefer size ape ye?",SMI
1470,10422127,4159855,34658427,0,3,The quality corresponds to the price. It smells bad.,PQ
1472,5249557,4159855,30982918,0,0,How to charge it?,SMI
1477,6496090,4159855,34049834,0,0,just dont buy it,NI
1498,7427783,4159855,30969138,0,0,@zamzam2015 its good quality?,SMI
1507,6348407,4159855,33475438,1,5,fast shipping n beg is big with alot of space....,NI
1514,2116405,4159855,29731514,0,0,Available?,SMI
1531,8605841,4159855,38056931,0,0,stok still available x,SMI
1536,4038246,4159855,33770420,0,0,Can it play with music?  Listening music?,SMI
1540,10637403,4159855,50255624,0,3,Size a bit smaller than the picture showed but nvm i still like it,PIM
1545,1607710,4159855,90400502,-1,1,Very poor product quality,PQ
1551,7252857,4159855,29728224,0,0,"@rubyteh jus now i click on payment, it also shows delivery charge. U pay for it that time?",SMI
1552,8715070,4159855,37519688,0,0,how much boss ?,SMI
1556,12929250,4159855,58723194,0,3,Product quality is ok,NI
1561,6369646,4159855,30974427,0,0,It's still available?,SMI
1564,8240574,4159855,33770429,0,0,Shipping rm49..??,SMI
1575,7790980,4159855,33436880,-1,1,"Requested for 3mm LED mix color, but seller sent super bright white color 5mm LED. I don't need white color LED since I have alot.",PIM
1577,10062319,4159855,67426492,1,5,Excellent service by seller,NI
1581,6580643,4159855,29733739,-1,1,U say over rm20 free shipping?  ,SMI
1583,9818747,4159855,232320257,1,5,Excellent service by seller,NI
1591,10888379,4159855,46062847,0,0,Do you have other color than blue? Perhaps green and yellow? I would like to purchase 3 different color,SMI
1592,5743814,4159855,30261380,0,0,wasting time ja buy dkat dia nie ... tnggu dkat sbulan brang haram x smpai2 ... ak pn prnah beli intrnasional ... tpy x smpai lama mcm ni dkat seller lain ...,SSC
1601,6693717,4159855,63008363,0,0,"Hi, I just got this today, plug in to my phone, nothing. I tried scanning the QR code, said it's a fake website. Downloaded 3 app for wired cam still nothing, the only thing that worked is the light",PQ
1605,5676980,4159855,30974441,0,0,Vivo bleh pakai x,NI
1614,10759484,4159855,30995894,0,0,Pm,NI
1619,8103486,4159855,33132085,0,0,@ lela.aizat iphone 4s je ..,NI
1621,9629101,4159855,34049834,1,5,Good seller. Fast response. Recommend ,NI
1624,2992429,4159855,46537709,1,5,Pretty nice,NI
1627,5560239,4159855,33131999,1,5,yeah this item good received and very awesome.. sure i will buy another 1,NI
1629,8514063,4159855,33770466,0,0,It costs 9.7 ker,NI
1631,7039059,4159855,31291548,1,5,"Very good quality with that price tag. Around 80% identical to ori.
The rubber is soft n really feels like a rubber. Compared to a Note 3 Neo Hybrid casing I bought somewhere at Shopee, which is much more expensive but the plastic and rubber is rock hard and it's very hard to press the lock button.",NI
1644,6856840,4159855,34049834,0,0,@ aszfadz.6258 can share the example of the recorded x-bosses? Tq,SMI
1645,6187182,4159855,34049834,0,0,There is ... so far ok je..bebaloi dgn harga la,SMI
1649,11935111,4159855,38056931,0,0,Ade again x ...,NI
1652,1207794,4159855,29728224,0,3,Small size compare buy from other place,PIM
1653,17303487,4159855,30260509,0,0,.0.,NI
1656,4229985,4159855,30974427,1,5,Very satisfied. Thank you,NI
1663,9157322,4159855,46156108,0,0,I know how to order,NI
1666,3939896,4159855,33475415,1,5,Thorbaek..thumb up..,NI
1677,7223898,4159855,30027391,0,0,Saya rcve n then cb to connect x maok hidup,NI
1679,3638343,4159855,30045567,1,5,"Nice but short. Great individual packaging. Get a longer one,though. This cable is short",NI
1684,6602690,4159855,30261380,0,0,any stock ???,SMI
1688,8035839,4159855,37799235,0,0,Can put mmc inside?,SMI
1691,10126798,4159855,33770546,1,5,well ah,NI
1693,5400884,4159855,33114166,1,5,Good,NI
1694,11197605,4159855,29733732,0,0,@raimisani it cost me about rm12 per pcs,NI
1696,5357352,4159855,46161964,0,0,@ sham93 may. but how are you?,NI
1702,9289090,4159855,34430093,1,5,t h x,NI
1706,10292533,4159855,30063759,1,4,Good looking and comfortable gaming mouse. Love the breath light effect. Only downside is it does feel cheap on the fire button and back/forward button coz its sprigy. Overall its ok mouse and functioning as advertised .,NI
1707,10383044,4159855,43450686,1,4,Can only cover for 1km when outside the building,PIM
1709,15377857,4159855,30046993,1,5,The product looks like a picture. Very small,NI
1710,11048565,4159855,55901746,0,0,promo code ambil mana yee,NI
1726,7896607,4159855,47513630,1,5,Accept prduk gently,NI
1732,2740643,4159855,30043225,0,0,@hazzeeqry Ordinary je. Like a whistle. Tp okay.,NI
1735,4101494,4159855,35548551,0,0,Not useful,PQ
1738,30940964,4159855,33475415,0,0,Stock ada lg x?,SMI
1755,4141575,4159855,30045567,1,5,Really nice and i loved it! But it's a little bit smaller than what I'm expecting though... Overall great product! Definitely considering getting another one!,NI
1758,7046321,4159855,34049855,0,0,The boss has no stock,NI
1760,7274082,4159855,44902488,0,0,Pm,NI
1763,1075308,4159855,33114147,0,0,That's right.,NI
1764,522906,4159855,34049834,0,0,@missmiema ok so camera ni?,SMI
1767,3864529,4159855,35391694,1,5,It takes 1 month to arrive at Malaysia. Item in good condition,NI
1770,2086498,4159855,30229750,0,0,Is there a zip?,SMI
1782,23136888,4159855,41772374,-1,1,item not working,PQ
1783,6405684,4159855,46156099,0,0,Postage here kira mcm mna ekh?,SMI
1793,3939896,4159855,30265334,0,3,Just ok..,NI
1796,1511623,4159855,44933545,-1,1,this stuff is broken :(,PQ
1800,1607710,4159855,127314851,-1,1,Very poor product quality,PQ
1801,7796098,4159855,46058827,0,0,@maryamarchellows does it has usb to connect with laptop or phone ?,SMI
1802,9174239,4159855,30229593,0,0,It is still available?,SMI
1804,10973835,4159855,128485927,0,0,No control button?,SMI
1805,6357602,4159855,41645868,0,0,if i want the glitter gold one what is the code for that?,SMI
1809,22967536,4159855,46858161,-1,1,Very poor service by seller,SSC
1817,6329156,4159855,29733736,1,5,Waste money !,PQ
1819,9670085,4159855,30995952,1,5,Cntik!! Glowing in the dark n can be use for ip6 plus!,NI
1825,5290088,4159855,30261380,0,0,so bad,PQ
1826,1566378,4159855,34049859,0,3,Product quality is ok,NI
1834,21452762,4159855,58727574,0,0,there is still more stock walkie talkie,SMI
1840,11586304,4159855,34430107,0,0,1 color only?,SMI
1844,17710616,4159855,114409102,1,5,Excellent service by seller,NI
1847,6080996,4159855,30065424,0,0,u sale this thing or no ?,SMI
1853,13941803,4159855,37519546,0,0,Is there any other colours ? I would like to order a blue one :D,SMI
1860,12463632,4159855,38056931,0,0,Pm.. wssp no please,NI
1862,16365933,4159855,30025748,1,5,Thanks..,NI
1863,4110797,4159855,34463963,0,0,@ queen43 @ayuhaizalisqandar hye awak pakai kalau duduk berlipat tak,NI
1865,22342631,4159855,33770539,0,3,"Product quality is ok, but the cable for the jack is a bit lose and always disconnect from the audio. Overall it's okay product.",PQ
1868,5441819,4159855,54673761,1,4,Not bad,NI
1871,6647124,4159855,33132089,0,0,Ready stock??,SMI
1873,10723697,4159855,44234068,0,2,"Chat respon is good, but the colour i want they don't have after payment, item not really same on picture thats why its suitable with the price",PIM
1874,1511623,4159855,36014590,0,0,2 pcs for rm 7.40 ?,SMI
1875,8434039,4159855,30016359,1,5,. I like it.. ,NI
1893,11285663,4159855,44881223,0,0,"@fifaaa_  hi FIFAAA, thank you for confirmation :-)",NI
1897,23035830,4159855,74677041,0,0,The price of how many bosses,SMI
1903,3819249,4159855,31291550,0,0,Rm8.50 a set to,NI
1910,5450798,4159855,30064027,0,0,"Tracking kmu udh check? Sy pn want order ni glove, tp tkut tdk smpai pla",SMI
1932,9001833,4159855,38056931,0,0,All the colour still available?,SMI
1934,7762400,4159855,36014653,0,0,Ready stock??,SMI
1938,8517501,4159855,44883377,-1,1,Bad service,SSC
1944,7996413,4159855,30046164,0,3,Product quality is ok,NI
1963,19850004,4159855,67426619,0,2,Poor product quality,PQ
1964,8895344,4159855,36014569,1,5,Thank you for your service,NI
1965,6497320,4159855,42627460,0,0,Still available? ???,SMI
1976,8314137,4159855,33436840,0,0,Ready stock?,SMI
1981,4539619,4159855,46888347,0,0,Pm,NI
1982,7551517,4159855,30259985,0,0,Pm 0134070040,NI
1983,7909988,4159855,30996070,1,5,Excellent service by seller,NI
1984,4578634,4159855,33770400,0,0,available ?,SMI
1991,7588961,4159855,36014644,0,0,Have stock? How long shipping?,SMI
1996,8869711,4159855,46057057,1,5,new je until continue to wear ... best bebaloi wait a long time,NI
2003,6563148,4159855,30024435,0,0,The item not good....,PQ
2009,1310927,4159855,67433255,1,5,The seller is extremely patient & answered all my queries. Highly recommended!,NI
2012,8316453,4159855,36657659,0,0,Brand camry,NI
2016,10510932,4159855,33770431,0,0,@ Amiruel_sterhill 93Campa 1 star J? Till the Elok's Mp 3?,NI
2019,7094125,4159855,33475431,0,0,There is stock x what price,SMI
2020,12802053,4159855,30259985,-1,1,Very poor product quality..parcel did not arrive at all and im still in processing of emailing to get a refund..very dissapointed and advise u to double check everything,RPN
2028,9483383,4159855,46536690,1,5,Excellent service by seller,NI
2032,19850004,4159855,67426785,-1,1,Poor product quality can not be worn,PQ
2036,8352053,4159855,46201730,0,0,Hi this system is that work how the safety,SMI
2037,3023376,4159855,37799225,1,4,Received goods in good condition.ty!,NI
2038,9338740,4159855,33770546,0,0,Pm,NI
2041,8437342,4159855,36657620,1,5,A polite seller. Recommended,NI
2045,2554465,4159855,30042985,0,0,To share bnyk dish to 1 decoder ......,NI
2054,644256,4159855,127321471,0,0,Still available?,SMI
2059,11960860,4159855,30265823,0,3,Very slow delivery  Service by seller is ok Product quality is ok,LLDT
2061,5171321,4159855,46063582,0,0,Where does the sound come from?,SMI
2073,7396931,4159855,34049834,0,0,@ayiee7707 camera ok x,NI
2079,7656205,4159855,33437141,0,0,"Do u have contact number bos,or whatsapp?",SMI
2095,8103486,4159855,33132085,0,0,@ lela.aizat maybe tgk on hdphone type .. But mmg until lanie is left jaa ..,NI
2101,13853425,4159855,33475457,0,0,About pay gmn .... want me,NI
2104,7716096,4159855,34049918,0,0,Is this be dimmed?,SMI
2112,15142134,4159855,36014559,0,0,Total price if i just buy this ?,SMI
2114,2403958,4159855,49690009,0,0,Can play back ?,SMI
2121,590016,4159855,33437004,0,0,As a result the rated time will be adjusted,NI
2129,9539109,4159855,43807676,1,5,"Sound quality is poor, but a penny a sub-goods, this price also ask what good sound quality",PQ
2130,8001193,4159855,33437006,0,0,his cool cloth x?,SMI
2132,3431722,4159855,49198725,0,0,"Does this include sd card,?",SMI
2138,15782400,4159855,30042985,1,5,damaged items ... 3 holes can not be used ... in order to compensate ssh ssh,PQ
2141,13040376,4159855,37519519,0,3,Price Satisfactory,NI
2145,9710969,4159855,34049834,0,0,What is the promo code?,SMI
2148,350950,4159855,33114213,1,5,Great product!,NI
2152,11545643,4159855,46156099,0,0,Ready stock ke?,SMI
2158,15422469,4159855,32149776,0,0,Hye .. I want to ask for a short delivery shortened because I want to wear it at the end of the month .. Dah chec delivery 18-28 april,SMI
2161,11661495,4159855,33770546,0,0,Hi.  Still have stock for this mp3?,SMI
2166,16377607,4159855,29733726,1,5,"Receive items  good,functioning,nice and quality.",NI
2169,7699959,4159855,30047219,0,0,Party over already but items yet to arrive despite seller said that he has ready stock. Poor delivery service. Almost 2 weeks from ordering date.,LLDT
2171,13019335,4159855,29733726,0,0,bole reply comfirm ke .. rm71.80 untuk 2biji walkie talkie ..? 0196548799,NI
2173,6876432,4159855,32062123,1,5,Good seller,NI
2175,12648730,4159855,29733726,0,0,@ahliasarazie for 2 seeds?,SMI
2178,16572212,4159855,125081035,1,5,"Good product n good seller, help to buy again",NI
2180,9471521,4159855,54663376,0,0,For order?,SMI
2185,4828584,4159855,34049834,0,0,this camera can use sd card ?,SMI
2191,4125506,4159855,44902745,0,0,How do you order sis?,SMI
2193,5163372,4159855,34430083,1,5,Thank you for keep descreet about personal information ,NI
2196,9753509,4159855,33770542,0,0,Hello  ni ready stok ke?,SMI
2202,8092745,4159855,63008212,0,0,hook or rod style?,SMI
2203,866127,4159855,30974422,1,5,Trusted,NI
2204,6496090,4159855,30267494,1,5,i love it. . . now i can flip2,NI
2206,5629485,4159855,30969145,0,0,Hi..the led light is it rechargeable. ?,SMI
2209,1354831,4159855,37519562,0,0,"@lynadea no camera..flying time is 4-5 mins, 20-30mins charging",NI
2214,1935010,4159855,122460710,0,2,"The item looks good in appearance, however one of the button is faulty hence I can't adjust the channel or volume, and there's too much noise in the background. Sadly, it looks good but I can't use it.",PQ
2221,8137831,4159855,49180166,0,0,There is?,NI
2222,5006161,4159855,36657617,0,0,"Hello,it said rm9 off shipping if spend minima rm10 but why when im placed order two item still need to pay shipping??",SMI
2224,22528678,4159855,232320257,0,0,Postage what ... to free postage on the peninsula,NI
2227,5059757,4159855,30044967,0,0,Can be use to tab battery?,SMI
2230,7643248,4159855,34464096,0,0,Can its connect to phone,NI
2234,16615047,4159855,44882429,0,3,"Product quality is ok but already deal for left part , still the right part coming..",LLDT
2239,6812388,4159855,30050199,1,5,Fast action...tq,NI
2241,7903824,4159855,35312660,0,0,U hv the charger?,SMI
2250,4809561,4159855,30969138,-1,1,Didn't receive the item even after almost 2 months,LLDT
2253,5838828,4159855,46057057,1,5,Received in good condition & fast delivery.,NI
2261,17988967,4159855,63008927,-1,1,Very poor product quality,PQ
2275,8504497,4159855,43352009,0,0,Hello,NI
2287,9549959,4159855,49697532,1,4,Good,NI
2298,7390305,4159855,37799209,0,3,Price is Ok,NI
2304,5489517,4159855,30969138,0,0,In 2 weeks until ... Very nice,NI
2307,2367482,4159855,33770405,1,5,"Very good service
Thanks seller :D",NI
2309,9980198,4159855,46537534,0,0,Hai quality ok x? @shahiela12,SMI
2311,3331464,4159855,63008212,1,5,Vry gud seller n explains vry well about de items... ,NI
2317,6571327,4159855,55902101,0,0,nk order cmnee,NI
2320,7145140,4159855,44881223,0,0,@izzkafazenan hii too btw,NI
2324,7856415,4159855,46058673,1,5,Excellent service by seller,NI
2334,15323715,4159855,29733765,1,5,"Poor quality, the package revived without protection ",NI
2341,7145140,4159855,44881223,0,0,"around two week... because it will be sent to semenanjung malaysia, then here in sabah.. sabah and malaysia is further too.. it take 3 days to send an item from semenanjung to sabah",LLDT
2361,8153872,4159855,29731514,0,0,How much including postage? Is this still available?,SMI
2362,16999389,4159855,43352009,1,5,Excellent service by seller,NI
2365,6403915,4159855,36657617,0,0,Close all the x mirrors for axia ...?,SMI
2383,8281412,4159855,46160176,0,0,Can i change the battery with this,SMI
2386,7475092,4159855,42627460,0,0,Still available,NI
2396,13096079,4159855,128988687,0,0,How to select color?,SMI
2421,23661172,4159855,30064571,1,5,"It's up to you, it's just okay.
Chips on the edge of the laptop do not ..
Mcm where to make ea ..
In the designated image there is ..
It's a small black thing ..",NI
2500,4161139,4159855,30982870,0,0,"@shachaa
sorry,could you please speak English or Chinese?any question,pls contract us by chatting",NI
2511,5712035,4159855,90400554,-1,1,"Very poor product quality

This item is bad .. I got a broken remort unnecessary .. very dissatisfied

These undesirable .. I got a remort damaged can not use the ... very dissatisfied",PQ
2685,16018382,4159855,36014578,1,5,received on good conditions...tq,NI
2721,7586340,4159855,38333396,1,5,Excellent service by seller,NI
2726,4255594,4159855,37519688,0,0,Any phone can connect boss. I have lenovo a7000 plus.,NI
2730,3194449,4159855,29731514,0,3,DIY Platnetarium is not easy. They shud assemble n give us (send) for the electrical part. And its very light in weight. Fast fan wind can easily blow it to fall. The bulp brightness is also very low. So im rating in just 3 star..thanks,PQ
2741,7652097,4159855,33770421,0,0,Price,NI
2766,2116208,4159855,36014590,0,0,Prices are pa,NI
2767,7124666,4159855,31291503,0,0,is there anymore?,SMI
2796,10716244,4159855,34463963,0,0,Lg x ??,SMI
2800,3608383,4159855,29733727,0,0,@athirahk microphone function not ya?,SMI
2816,1520827,4159855,54673761,0,3,Product quality is ok,NI
2825,33389246,4159855,374159821,-1,1,Goods a little problem,PQ
2830,8625607,4159855,30064309,0,0,there lg tak,NI
2844,21149351,4159855,30046605,1,5,Excellent service by seller,NI
2858,9473360,4159855,46057165,0,0,Is there more,SMI
2861,7043246,4159855,30261380,1,5,Nice,NI
2862,16802910,4159855,29733726,0,0,@mohamadakmal tauke shop ni ka,NI
2866,13394513,4159855,74680045,0,0,Ready stock??,SMI
2867,8215511,4159855,37799212,0,0,That price includes postage to sarawak?,SMI
2874,8894669,4159855,46536690,1,5,It really work on my dress...fast delivery and suitable for those that have waist 34 like me... ,NI
2876,6678677,4159855,30025748,0,0,"Hello boss. What is the difference between original and imitation other that price? If ori, can be use one house or have to buy more?",SMI
2879,3638343,4159855,30229757,1,5,Soft and in good condition,NI
2891,9034246,4159855,55901889,0,0,sis.ade wsap x?,SMI
2893,8494368,4159855,55893789,0,0,@ayunurhaiza its very nice...n comfy,NI
2897,8281412,4159855,31291503,0,0,I want change my order with this item,NI
2898,1943176,4159855,44902488,0,0,Suitable for perodua viva?,SMI
2902,2871418,4159855,30995972,1,5,Cute n the size is bigger than i thought.good is received in good condition,NI
2904,8961152,4159855,38056931,1,5,Receive in good condition.... Fast respon..fast delivery.... Thanx for ur very  good service..,NI
2917,5290088,4159855,30995952,0,0,plss,NI
2920,9689374,4159855,34430100,1,5,trusted seler..I can already color pink,NI
2938,16744205,4159855,46156099,0,0,Is there more ?,SMI
2939,865344,4159855,30024692,1,5,Refunded missing item....honest seller....,RPN
2945,7070788,4159855,30064845,0,2,Use 3 times then cannot..when i wnt to play the music say no file. But already put memory,PQ
2950,13174608,4159855,50236423,0,0,"Really to Rm25,20 ???",SMI
2963,6319832,4159855,46059875,0,0,I want to have that. post by gdex or pos laju?,SMI
2969,7122985,4159855,95330041,1,5,Excellent service by seller,NI
2974,2545484,4159855,33475447,0,0,bos.. ready stock ke pre oder ye..?,SMI
2983,8770872,4159855,33114147,1,5,delivery on time.. product as described..not test yet..hopefully will be ok..,NI
3001,2264298,4159855,34049834,0,0,@lucifer118 you forgot lock button doesn't function,PQ
3014,25067509,4159855,30064027,-1,1,Delivery time below expectation..still not receive my purchases...,LLDT
3015,7643248,4159855,34464096,0,0,Please answer,NI
3021,19809860,4159855,63008927,0,0,Postage to Malaysia Kuala Lumpur brpa?,SMI
3025,10493527,4159855,43449796,-1,1,All boxes received damages teruk .. good luck brg dlm box x rosak .. hk repair bandage brg ..,PQ
3035,5531345,4159855,55901746,0,0,Good quality n i would like to repeat order ....,NI
3038,10445699,4159855,33114156,0,0,there stock x .. nk 14 biji,NI
3040,8024114,4159855,44932652,0,0,white only？,SMI
3049,7763433,4159855,33475352,0,0,Still available ?,SMI
3052,4844402,4159855,34049834,1,4,"Before buy did double check wif seller on the spec n everythg, after good arrived I realized it's not according to the spec seller said to me earlier.. Seller patiently explain and apologize.. So I ask for a refund and received back about 95% of Wat I paid;) overall I can said is a helpful seller..",RPI
3058,6115809,4159855,34049834,0,0,hi ... penghanatar dari luar negeri ... paling gampang pembayaran hanya klik item untuk muat dalam troli ... buat pembayaran sesuai petunjuk mudah ... tq,NI
3070,9471521,4159855,54663376,0,0,This one preorder?,SMI
3072,8517501,4159855,30974389,-1,1, very bad service,SSC
3077,4184097,4159855,77993414,0,0,Hello. Is that available? Is that the price?,SMI
3080,8766817,4159855,57572988,0,0,Does it comes in a box ?,SMI
3086,1511623,4159855,44933545,0,0,These two items are damaged,PQ
3087,15869861,4159855,43352009,1,5,1 item damage,PQ
3101,6704774,4159855,36263666,0,0,how many days until?,SMI
3103,5024660,4159855,42146980,1,5,Excellent service by seller,NI
3107,10425238,4159855,30064845,0,0,There is x x,NI
3110,7566942,4159855,30065424,0,0,this product for which car use ?,SMI
3113,3638343,4159855,30045567,1,5,Nice but short. Get a longer one,NI
3119,9974326,4159855,96565941,0,3,Delivery time as expected,NI
3120,8026685,4159855,30229750,1,5,Although the tracking doesnt update but the parcel have arrived safely. Thank you :),NI
3125,3939896,4159855,33770537,0,3,Tiny but strong..,NI
3129,4125964,4159855,43444941,0,3,Terrible Quality(when i charge this too hard too flow...) I dont wanna send back this produck because use my money),PQ
3134,6716911,4159855,33770420,1,5,Nice! Like it!,NI
3151,714018,4159855,30270083,0,0,Still have stock bos,NI
3160,3740746,4159855,30026676,1,5,Very nice product.. it heating,NI
3163,6580643,4159855,46858158,-1,1,2 item already over rm20 .but don't hv free shipping,LLDT
3170,6347102,4159855,34430107,0,0,Can i myself replace the cam with gopro?,SMI
3175,4080577,4159855,33770420,0,0,The product is return request as u say stock no coming.,NI
3176,4930646,4159855,44234068,0,0,Still available?,SMI
3180,5191691,4159855,29733765,-1,1,"Very poor product quality.
Products received broken and cannot change.",PQ
3181,24456162,4159855,91880356,0,0,Is it ready stock?,SMI
3186,538757,4159855,30974425,0,3,I'm still haven't receive my parcel over 1-2 weeks,LLDT
3189,4141575,4159855,30045567,0,3,The on /off button seemed loose which would cause the lights to flicker  but overall it's working for now and has no serious problem so far,PQ
3192,1595085,4159855,30047865,1,5,"middle button are bit hard to click 
nice",PQ
3193,4229985,4159855,114409102,1,5,You,NI
3200,3448279,4159855,33770539,0,0,Bleh mtk no wssp k or,NI
3205,12080470,4159855,46059763,0,0,@yeenaziz very poor tuh camner? Son of a picture.,SMI
3208,7102659,4159855,34463963,0,0,"hi, how to order yeah?",SMI
3213,10955342,4159855,60803162,1,5,Thanks for early delivery ,NI
3216,735432,4159855,33475415,0,0,@ cheeraharr of the okay so mp3 neither?,SMI
3221,15696940,4159855,92610558,-1,1,Very poor product quality,PQ
3229,8024626,4159855,50234123,0,0,Mcm mn nk or,NI
3244,12689240,4159855,49697931,0,0,Whats the price?  7 for 5.40 ?,SMI
3250,322364,4159855,33114147,0,0,",ready stock?",SMI
3259,3810997,4159855,33437128,1,5,Ok product but delivery take time,NI
3262,9840418,4159855,63008927,0,0,Hi does this change colour or does it only have one colour,SMI
3267,21432560,4159855,232320257,0,2,Bearing is rusty and the packing must be upgrade,PQ
3269,6167600,4159855,51739759,1,4,Good product..,NI
3275,23885602,4159855,98407175,-1,1,It's not a mini dress.. it's a Shirt and it does not look like the picture ,PIM
3277,9018142,4159855,30063327,0,0,Not so white. Like osram nightbreaker. But satisfied with the price.,PIM
3279,7240736,4159855,31291548,1,5,Worth the buy . Good items ,NI
3282,5779695,4159855,30016359,1,5,thanks,NI
3286,5274980,4159855,31291503,0,3,There are minor scratches on the lens and it's a little blurry,PQ
3290,8424228,4159855,34049834,0,0,@arielremy camera ok.,NI
3291,2007948,4159855,50664686,1,5,Good one thnx,NI
3307,7269739,4159855,30982888,0,0,RM5.60 has a free postage,NI
3325,6470561,4159855,46157059,0,0,Ready stock?,SMI
3326,5356889,4159855,33475415,1,5,"what it's really cute..
and cheap before i buy..
it's only rm 2.20..",NI
3328,10590765,4159855,30045917,0,0,Suitable for downlight at home?..,SMI
3344,1309593,4159855,30261380,0,0,Price increase already,NI
3346,8598846,4159855,33475384,0,0,Ready stock?,SMI
3348,8810652,4159855,44882635,1,5,Colour not same..,PIM
3350,9018142,4159855,30063327,0,0,Not so white. Just like nightbreaker.,PIM
3363,17834430,4159855,63008939,0,3,Very low quality ,PQ
3364,18051282,4159855,36014559,1,5,Nice,NI
3370,7370744,4159855,34049834,0,0,"@ aszfadz.6258 nk tnya .. there bli ka ??
Ok to / ??",SMI
3371,9668371,4159855,34049834,0,0,Nice i like it pm,NI
3372,12358078,4159855,96565941,1,4,"Received item in 7 days, fast delivery. Small & cute, easy to use. The vibration functions are similar to each other, but quality wise, acceptable. :)",NI
3373,27442423,4159855,36014559,0,0,Read where to pay,NI
3405,17820008,4159855,34464018,0,3,"Buy 3, only 2 are elegant",PQ
3412,10439419,4159855,51741987,0,2,the mirror was broken.,PQ
3415,9577304,4159855,46063841,0,0,RM 87 for a pair.?,SMI
3418,7046321,4159855,30064845,0,0,any stock to .. ???,SMI
3420,3651063,4159855,33770546,1,5,Nice product and the price is cheap.,NI
3424,11871500,4159855,47517962,0,0,Can you tell me about 5 minutes of work?,SMI
3429,6367590,4159855,49691216,0,0,It means it can connect to phones right? Is it suitable for iphone?,SMI
3430,19507203,4159855,58727574,0,0,I'm interested ... can for me no whatsup .... tq,NI
3441,9489314,4159855,41771603,0,0,this model have memory card or not,SMI
3447,6496090,4159855,30995977,1,5,awesome item,NI
3449,4125964,4159855,37519544,1,4,Good Quality Good Price,NI
3450,8434039,4159855,35700944,1,5,. pedal effect with USB link.. I like sound effect.. App Andrig android..,NI
3454,11048565,4159855,55901746,0,0,prrimo,NI
3462,11853766,4159855,125081035,1,5,Very satisfied,NI
3464,2740643,4159855,34463975,0,0,Ad effect kt enjin or mana2 part x?,SMI
3471,7444976,4159855,34464096,0,0,Can this product support android?,SMI
3480,8681456,4159855,36263666,0,0,"@ maknor78 stuff brape lame untk smpai pada kita, sbb tgk ordr date smpai 30hr .. ??",SMI
3493,3740746,4159855,34049834,1,4,Not user friendly button design.. quality of video poor a bit.. but luckily it very cheap compare to others,PQ
3497,8423003,4159855,44882158,0,0,Is there any lg stock to?,SMI
3507,350950,4159855,30065859,1,5,Great product!,NI
3522,15690763,4159855,244967481,-1,1,Very poor product quality Delivery time below expectation Very poor service by seller. Order lain dpt lain.,"PQ,LLDT,SSC"
3525,15111204,4159855,253583475,1,5,Nice crazy. Worth it !! It's cheap to buy cheap.,NI
3530,3220879,4159855,46059763,-1,1,Very poor product quality,PQ
3531,7333106,4159855,46536509,0,0,Good service..,NI
3535,7900102,4159855,46537709,0,0,how to order?,SMI
3539,7611073,4159855,31291550,0,0,Estimated delivery 2 oct 2016?? Can't before 26 September 2016 delivery?,SMI
3552,5745574,4159855,33437214,1,5,Beautiful colors and it's functional and long...,NI
3568,10641039,4159855,44882429,0,0,The singles?,SMI
3570,12518981,4159855,46058673,0,0,Sound Ok ke bnde ni??,SMI
3571,33076632,4159855,30012169,1,5,Excellent service by seller,NI
3572,15132790,4159855,60806341,0,0,How much postage to malaysia,SMI
3583,7420254,4159855,44881223,0,0,@lailaumairah09 A'aa,NI
3589,5551984,4159855,30045567,0,0,Hello blh pm personal at d 0128321226 ..,NI
3591,8100759,4159855,41647192,0,0,Hello. How long will the postage would be?,SMI
3598,8423154,4159855,34463972,1,5,Good item,NI
3619,13155605,4159855,33475440,1,5,Excellent!!,NI
3620,9710577,4159855,33475415,0,0,Stock is there again?,SMI
3623,5168330,4159855,30016359,0,0,How Long I will get thing if I'm in JB ??,SMI
3626,1048851,4159855,34464065,-1,1,Efficient,NI
3627,3457806,4159855,46062687,1,5,Receive product in good condition. Excellent service by seller,NI
3628,5925451,4159855,34049834,0,0,@kyoeasy86,NI
3631,6322563,4159855,44899070,0,0,Ready stock?,SMI
3634,9567895,4159855,49188522,0,0,Can u share the picture bag?,SMI
3643,4143559,4159855,30016359,0,0,Could this be use on ukulele also? :),SMI
3653,18221588,4159855,95329840,0,3,Physical not same with display picture. No zipe inside the bag compare with posting picture :),PIM
3661,9034246,4159855,55901889,0,0,can wsap sy x sis ... 0194594992 ... nk tngok smue bag murah ni,SMI
3668,6612641,4159855,30974427,0,0,"If no Bluetooth in car, can use this?",SMI
3672,2560063,4159855,30063598,1,5,Very easy to use is not easy to break the quality of great,NI
3691,8428649,4159855,34049834,0,0,Sye buy tp kat mne tpt tu,NI
3708,13016013,4159855,47515127,0,0,Hello do you have smile one?,SMI
3709,7484332,4159855,30024435,0,0,@erindaniel not good ?,SMI
3737,7747698,4159855,44898458,0,0,the white marble frame and grey-ish mirror is interpreted as what type of sunglasses? is it white code ?,SMI
3738,7847941,4159855,46162100,0,0,Size berape?,SMI
3739,1458455,4159855,30996001,0,0,any brand can use for this set !,SMI
3758,19558289,4159855,36263666,0,3,Product quality is not as expected. ,PQ
3759,14489034,4159855,30064027,0,0,"I haven't receive my gloves,its already 11 days.",LLDT
3780,2897945,4159855,30043908,1,5,Excellent service by seller,NI
3793,437754,4159855,67430894,0,0,Do u have for iphone 6 plus?,SMI
3796,7316909,4159855,30043225,0,0,ready stock ?,SMI
3801,6692590,4159855,59108095,0,3,Service by seller is ok But I order a diff one but got a diff one ,PIM
3815,5633352,4159855,33114152,1,5,arrived in good condition,NI
3831,16050554,4159855,122460466,-1,1,Very poor product quality,PQ
3839,17919981,4159855,44902488,0,0,Is this fit to isuzu d'max keluaran 2012?,SMI
3844,2518550,4159855,33770420,0,0,"@gtyxxxx how is the product, can function well? May pm me in wechat SandyChan0130",SMI
3847,14598915,4159855,74684078,-1,1,The stuff is not the same as in the picture .. Auntie .. Advertising in a big pic ... Very poor product quality,PIM
3851,6855650,4159855,30261380,0,0,not yet receive,LLDT
3852,5519698,4159855,125165841,-1,1,Very poor service by seller,SSC
3858,8212184,4159855,36014648,1,5,Good quality ,NI
3865,6245859,4159855,31291503,0,0,Still available?,SMI
3867,12215171,4159855,46537864,0,0,I already make the order but i never state the bag shape . .,SMI
3876,31870631,4159855,42626477,0,0,For viva can le,NI
3902,9224612,4159855,44902488,0,0,Want to buy gourmet,NI
3913,2560063,4159855,29731514,1,5,"Not bad but the light bulb is not bright enough
No picture so beautiful ... ... a little disappointed",PIM
3920,3527390,4159855,35391694,1,5,Well done bro will deal again,NI
3923,6940384,4159855,32062121,1,5,"Product received safely ..need to be patience because product will receive late..but when you received it, u will feel satisfy..",LLDT
3925,6135412,4159855,44882635,0,0,Can use for samsung or just for iphone?,SMI
3929,6348407,4159855,29733736,1,4,Fast shipping and the headlight really small n compact...,NI
3931,9210045,4159855,44902488,0,0,Is is support bluetooth?coz i dont see bluetooth in product description?,SMI
3934,5867709,4159855,60808578,0,0,Hi beg coffee ad stock x??,SMI
3948,9123505,4159855,123555117,0,0,Still available?,SMI
3949,20921007,4159855,30015401,0,3,Poor product quality Delivery time below expectation Service by seller is ok,"PQ,LLDT"
3950,1339029,4159855,34464065,0,0,@liewvunbin why 1 stars?,SMI
3952,5336434,4159855,30024435,0,0,How to choose the design?,SMI
3956,684804,4159855,42626394,0,0,"Hello, this watch all color still available?",SMI
3958,9634227,4159855,38333364,0,0,All phones can be used?,SMI
3966,4288631,4159855,37519552,1,5,Good seller very responsible,NI
3972,5818495,4159855,30263708,1,5,"Seller - good
Quality product - good
Delivery time-fast
Remark-trusted and helpful seller,recommended for who need mask for safety.thanks seller.",NI
3973,8086995,4159855,34049870,1,4,"good seller and product...the only downside is the product delivered not in retail box/packaging..its a little problem for those who want to resell them..

overall, good item,nice service ,im a very satisfied customer <3",NI
3976,5447182,4159855,43450686,0,0,Cant connect with BF-888s model selling in Malaysia,PQ
3984,3281840,4159855,34049834,0,0,Chipset ape wear ni bro?,SMI
3987,5290088,4159855,38333373,-1,1,poor servis dont buy anything from him plss,SSC
4025,3453945,4159855,50667288,1,5,Postage is pricey to EM. Anyhow friendly with nice product. I love my owl :))),NI
4031,350950,4159855,35548556,1,5,Great product!,NI
4032,12385446,4159855,38056931,0,0,How much do you postage,SMI
4034,9630519,4159855,41771603,0,0,Am to 0179228991,NI
4035,5694709,4159855,44233944,0,0,how to buy it?,SMI
4039,21574159,4159855,232690484,1,5,Excellent service by seller,NI
4040,1958785,4159855,57272750,0,0,Ne hid sekali box ker..or bub..,NI
4054,6319820,4159855,50237362,0,0,Ready stok kah???,SMI
4060,3945490,4159855,37519521,0,0,Support ios apps?,SMI
4071,590016,4159855,33437004,0,0,@sheenarashidk lawa sis ... ada 2 mode..blh kelip2 mcm lmpu raya & lusin menyala .. bunga dya xkecik sgt..dlm ukuran 3jari dewasa..tp xterlalu besar la ..,NI
4072,8138282,4159855,31291550,1,4,Nice and really big ✅,NI
4087,23089579,4159855,323327002,1,5,Excellent service by seller,NI
4100,1595085,4159855,30063759,1,5,Will purchase again 5pcs,NI
4105,7127760,4159855,47116298,0,0,for ip6+ got ?,SMI
4108,8035839,4159855,33770452,0,0,Can put mmc?,SMI
4110,6764127,4159855,33475449,0,0,there's more to this,NI
4123,5721449,4159855,43349885,0,0,How long to receive this,SMI
4130,10421955,4159855,33132085,0,0,"@ zuriani66 if you can, you use phone ape ye?",SMI
4132,7796098,4159855,44881223,0,0,@fifaaa_ so there's a wire right?,SMI
4135,33997976,4159855,67426417,0,3,Product quality is ok,NI
4141,5745574,4159855,33437214,0,0,How many days are needed to arrive? Cuz need it urgent,SMI
4147,8294872,4159855,30974427,0,0,@nina8689 no need bluetooh. The system use your FM frequency to sync music. E.g. radio set to 104.5 and mp3 kit also need to set 104.5 and u can enjoy music from your mp3 kit. Thanks,NI
4166,5834571,4159855,30050199,0,0,Iphone 6s have x,NI
4167,12904418,4159855,30026378,1,5,Good product quality Good price Excellent seller service Fast delivery,NI
4172,872089,4159855,30261380,0,3,Sound quality not very good ,PQ
4181,6045927,4159855,34049842,1,5,Item received in good condition... xie xie ni...,NI
4184,5747529,4159855,44902488,1,5,Excellent service by seller,NI
4185,8658183,4159855,34049834,1,4,"Received it fast and prompt. Only the packaging a little bit out-shaped. Overall, a trusted seller.",LS
4186,6344707,4159855,47513630,0,0,Mcm nk or,NI
4192,8595688,4159855,43805812,0,0,did u have stock blue colour?,SMI
4211,2545484,4159855,35312634,0,0,slmt pg bos.. item ni ade lg ke..? ready stock ke..?,SMI
4213,12454655,4159855,46057609,0,0,Ready stock,NI
4215,12421151,4159855,33770425,1,5,Excellent service by seller,NI
4225,7556572,4159855,29733418,1,4,"This is OK. Sometimes, the digit in screen just not shown properly.",PQ
4256,8081684,4159855,34049834,0,0,"Sgt2 keenat ....
How can I make a payment, bank can?",NI
4259,8207808,4159855,34430093,0,0,there is x x,NI
4263,6329156,4159855,30261380,0,0,Hv tax invoice ?,SMI
4274,8424228,4159855,34049834,0,0,Ok,NI
4275,6266261,4159855,36657618,0,0,Is it mix color or 1 color per 100 piece?,SMI
4299,3638343,4159855,32149776,1,5,Get the veil with comb. Easier to wear. This one doesn't come with it. The seller has stated it.,NI
4310,5290088,4159855,30995952,0,0,take a not,NI
4311,7488667,4159855,34049834,0,0,Still available,NI
4314,8024114,4159855,34049853,-1,1,cant 360 turn,PQ
4325,6647124,4159855,47519982,0,0,@chiusing same as in no picture?,SMI
4333,15727285,4159855,30047994,-1,1,Not recommended...I have not received this item... Very poor service by seller,"LLDT,SSC"
4337,4161139,4159855,30050199,0,0,"@adria768 hi,it is fit to iphone 5/5s",SMI
4341,8766817,4159855,33475431,0,0,Does it comes with a box ?,SMI
4351,7665515,4159855,33475415,0,0,Is it free to send it here?,SMI
4367,9050535,4159855,34049834,0,0,@nurain.sharip i see.. Thanks for the info..,NI
4370,865344,4159855,31291501,1,5,Thank you for the speedy delivery,NI
4378,6349270,4159855,33770534,0,0,Can connect samsung phone player?,SMI
4382,5156225,4159855,57272098,0,0,"hi. can exchange if more than 5 LEDs not working?
If i order today, can u deliver by 28th Sept?",SMI
4383,10329762,4159855,35548551,0,0,Stock available?,SMI
4384,5520165,4159855,33475415,0,0,easily broken? include charger?,SMI
4388,8241536,4159855,38334277,0,2,Ok good ,NI
4397,10729744,4159855,41645868,1,5,Good service.. Item safely arrived after 1 week.. ,NI
4413,12752071,4159855,38056931,0,0,Pm,NI
4415,17899725,4159855,43806165,1,5,What colour when Fully change?,SMI
4418,21227149,4159855,46536690,0,3,Product quality is ok,NI
4420,30186845,4159855,30064845,0,3,Product quality is ok,NI
4424,11285663,4159855,44881223,0,0,"@rzaida hi, can the headphone cover whole ear?
Sound quality also good?
Thanks!",SMI
4425,9987689,4159855,33475415,0,0,Safer,NI
4429,8060630,4159855,34049834,0,0,Confirm 170• angle ?? my fren only 110 angle,SMI
4440,5290088,4159855,37519688,0,0,dont but,NI
4442,9719397,4159855,58724520,0,0,"Hello , blue white purple sold out ?",SMI
4446,172471,4159855,31291538,0,0,This is for ape ya? Can explain,SMI
4448,6367590,4159855,30982888,1,5,"Thankss, i am really excited and impressed with this mini sewing machine. Haha. Thanks seller!",NI
4453,5290088,4159855,34049834,0,0,not a good seller plss dont buy anything to him,SSC
4458,2838667,4159855,50236164,1,5,Size is not the same as given,PIM
4464,9054118,4159855,44884047,0,3,Product quality is ok,NI
4470,15430364,4159855,30065594,0,0,Hye ... there is stock lg x yg black tu,NI
4497,11805435,4159855,36014653,0,0,I want to order,NI
4504,9377295,4159855,30995952,0,0,Inclusive postage?,SMI
4506,6319832,4159855,43352009,0,0,price 980 ni for 1pieces to?,SMI
4508,4056147,4159855,35548568,0,0,For vios.ada x,NI
4515,6010386,4159855,44233834,0,0,If include postage brapa ringgit ehh?,SMI
4519,2923607,4159855,30974425,1,5,Item received in a very good condition. Thanks!,NI
4527,11474271,4159855,34464031,1,5,"Receive in good conditions..good seller,fast delivery.",NI
4528,10816253,4159855,32062135,0,0,curtain nie ... about a piece of rm14 or 2 pieces 14,NI
4546,6172348,4159855,37519562,0,0,@socoil23 how long can drone fly,SMI
4558,8666546,4159855,43449796,-1,1,Very poor service by seller,SSC
4560,10224970,4159855,30261101,1,4,"Wait a bit long for delivery , item came in good condition, better if sent in a box rather than just a plastic courier bag","LLDT,LS"
4562,3914038,4159855,34049834,0,3,Screen 2.4 inch! Not 2.7 inches.,PIM
4567,7488598,4159855,34463963,0,0,Hi is this still available?,SMI
4571,18031319,4159855,34463981,1,5,"Excellent service by seller, delivery with expected time, product tried, working in good condition",NI
4579,7201955,4159855,36014644,0,0,How long shipping,SMI
4581,26149915,4159855,36014559,0,0,@alyahuzaiffa buy it its worth it..... Like my girls said,SMI
4585,10052779,4159855,34049834,0,0,@alip_br why dont buy bro?,SMI
4587,3463738,4159855,227005370,0,3,Size was slightly bigger than what i measured according to the measurement given. Should have taken smaller size. Material is average.,PIM
4613,6558298,4159855,34049834,1,5,Already receive in good quality...will deal to u again...thanks,NI
4614,18376033,4159855,57271662,0,0,Original?,SMI
4622,9333144,4159855,44902488,1,5,good,NI
4626,9979149,4159855,44879655,0,0,@dilauyob nk tnye d satu je ke wireless earphone tu bkn sepasang ke?,SMI
4628,10369008,4159855,44880245,0,0,Can answer call to ???,SMI
4630,7794437,4159855,33475336,-1,1,Very poor product quality,PQ
4633,6618040,4159855,38056931,0,0,there is x x,NI
4638,19165308,4159855,63008838,0,3,Delivery time as expected,NI
4645,7752646,4159855,30256502,0,0,Ade again x ....,NI
4666,1354831,4159855,37519562,1,5,"Fast shipping from china. The drone is good for beginner and in door flying. the speed is just nice , not to fast or to slow.",NI
4692,18687669,4159855,54673761,1,4,GOOD I LIKE IT,NI
4693,7306300,4159855,36263666,1,5,Item arrived in good condition.. Love it..,NI
4697,5441819,4159855,96051758,0,2,Top is quite thin,PIM
4699,4491937,4159855,57272098,0,0,Ready stock ?,SMI
4704,11733783,4159855,49195912,0,0,"Hello, still available? :)",SMI
4707,6612641,4159855,34658426,0,0,Kete yagadé wireless wireless bluetooth ebay jag bale say?,SMI
4709,16757312,4159855,36014596,0,3,Product quality is ok,NI
4719,8603027,4159855,33114147,0,0,I'm nder odder again for more amount but Why high shipping cost than before ... is too expensive ... ??,LS
4720,7982063,4159855,33475415,0,0,There is more to,NI
4723,5740032,4159855,33770420,-1,1,Got annoying sound when listen to voice messages and calls,PQ
4740,6310900,4159855,36263648,1,5,"quality product
recommended seller",NI
4759,10157344,4159855,77993063,0,0,How much include postage?,SMI
4761,7051084,4159855,30025748,1,5,still no receive..,LLDT
4765,7049578,4159855,34430100,0,3,Delivery time as expected Product quality is ok,NI
4769,7699366,4159855,30064845,0,0,So how ?,SMI
4785,8921508,4159855,33475401,0,0,May I know this can change with power bank or charger not include computer,SMI
4786,10237298,4159855,50236423,0,0,Need detail 4 in4mation how to buy 4 bank in?any akaun nmbr?have postage 2 srwk?,SMI
4787,12113030,4159855,42627542,0,0,Once dngn remote to?,SMI
4791,7790980,4159855,38056977,1,4,Capacitance around 50 to 60 nF. The color of capacitor seems weird to me,PIM
4792,10365979,4159855,46156099,1,5,very nice wallet,NI
4797,7837339,4159855,46156099,1,5,very fast received... thanks n the wallet very nice,NI
4803,20684626,4159855,90760819,0,0,is this suitable for hero x?,SMI
4805,5264545,4159855,50664686,0,0,"Hi, may I know where is it from? I mean how long will it take to arrive Ipoh, Malaysia.",SMI
4816,23876105,4159855,232320257,0,3,Product quality is ok,NI
4820,6991432,4159855,30261380,0,0,⭐⭐⭐⭐⭐,NI
4821,6709261,4159855,33132024,0,0,For phone vivo y 15 and lead 6 there is no cover camtu?,SMI
4825,9411766,4159855,67433255,1,5,Receive the item with very good condition.The singlet is made with good material and good sewing I love it.,NI
4828,2264298,4159855,34049834,1,5,Looks good hope it works well,NI
4829,2963474,4159855,30974427,0,0,Can support bluetooth?,SMI
4832,14939948,4159855,111390653,0,0,Can it fit Huawei p10 lite,SMI
4847,1608132,4159855,46156106,1,5,"If all card slots are to be filled in with solid cards, the coin pouch will be too tight to put your fingers in to get coins. And sure the wallet will get bulky. But it has provided two buttons which caters to the bulkiness. Other than that, no complaints so far.",PIM
4848,13930393,4159855,121011714,0,0,6s plus ad?,SMI
4849,10826711,4159855,44882429,0,0,Cna used for ip7?,SMI
4856,6704774,4159855,60792512,0,0,camera?,SMI
4858,25539495,4159855,33437006,-1,1,Very poor product quality,PQ
4860,25192874,4159855,36014653,0,0,"hello sir,respon pls?if ready stock i pay",SMI
4865,812818,4159855,33475434,0,3,"Receive it well...But the mp3 don't have charger...So, how i want to charge???",PIM
4870,13098789,4159855,30257375,0,3,Product quality is ok Delivery time as expected Service by seller is ok,NI
4875,10736455,4159855,47517604,0,0,@mgtlee appropriate for rider x? camera he kt dpn tu kn?,SMI
4879,8103486,4159855,33132085,-1,1,Can't connect with my iphone .. Badly .. ,PQ
4889,4192587,4159855,30049043,0,0,"Hi.. If buy, we get all 3 pcs with different colour? Please confirm.",SMI
4895,2972853,4159855,30047711,0,0,Is there anymore?,SMI
4902,10553876,4159855,36014552,0,0,I want order this,NI
4905,7370744,4159855,34049834,0,0,@ kclim90 tkde respond kn dri seller ?? I pn bermnt jga sebenr him,SMI
4911,7796098,4159855,44881223,0,0,@fifaaa_ is it wireless?,SMI
4913,5433578,4159855,232320257,-1,1,Very poor product quality,PQ
4917,29632967,4159855,30266506,0,0,which pump this pairs of which kat,SMI
4921,5290088,4159855,30261380,0,0,dont buy,PQ
4923,19397594,4159855,30974420,0,2,"Received item actually was not a new item, the item was used and actually was stained with coffee powder.",PQ
4930,6883324,4159855,46160902,0,0,Ready stok or preorder. Please whatsapp me 0142910557.,NI
4932,4161139,4159855,30982870,0,0,"@shachaa sorry,will ship in random",SMI
4936,5953312,4159855,46156099,0,0,how to buy,SMI
4938,7149275,4159855,29733917,1,5,5 days early delivered from e.t.a delivery time :),NI
4940,6936878,4159855,30024995,0,2,Very small in real life,PIM
4941,17606443,4159855,33437006,0,0,The girdle of the bugs,NI
4942,16564933,4159855,36014569,0,0,Hi,NI
4946,10510932,4159855,33475415,0,0,"@sitinorhafidah then, charge pkai apa ya?",SMI
4960,31870631,4159855,42626477,0,0,* Of,NI
4962,9117374,4159855,31291550,1,5,Excellent service by seller,NI
4964,9929647,4159855,227149741,0,2,Poor product quality,PQ
4965,11276851,4159855,33114187,0,0,power motor xsama as it should.,NI
4966,11027221,4159855,44233329,0,0,Can I noe how many days can reach if I order today. To Sarikei,SMI
4972,8169782,4159855,30064571,1,5,I received optic mouse in good condition.  Tq,NI
4973,13872955,4159855,32062144,-1,1,This item return refund because no stock . Make sure make offer have to cheak it before you accept dont after done payment pass 2 day just say no have stock . This i warning . Because this is first order holding my order with out no stock late to reply me . ,RPN
5005,7875112,4159855,29733732,0,0,@publicstranger @azirahhalim thanks a bunch 4 the info.,NI
5030,11065922,4159855,33131995,0,0,Where to buy the filter..?,SMI
5040,8633676,4159855,46161964,0,0,is there anyway?,SMI
5054,13903202,4159855,33770539,0,0,can connect handphone?,SMI
5056,7613992,4159855,29733726,1,5,"Seller service attitude is good, there will be doubts will answer!",NI
5061,7233171,4159855,30969138,0,0,@ zamzam2015 ni oversea kan ?? brape lama delivery sampai yer ??? ☺️,SMI
5063,11814544,4159855,29731514,1,5,Products in good condition,NI
5064,7920601,4159855,74677811,1,5,Good product nice packing.. if got free shipping will buy again with you.. thank you,NI
5066,7906427,4159855,46156108,0,0,There are more stocks to ..,NI
5070,4809247,4159855,44879655,0,0,The price is set up ehh,NI
5072,28633484,4159855,96565941,0,3,Product quality is ok,NI
5080,22971738,4159855,30969145,1,5,Did not receive the item due to sold out. Good service from seller.,LS
5084,23353195,4159855,43449796,0,0,Want to buy lh ....,NI
5087,13183471,4159855,63008285,0,3,Product quality is ok,NI
5089,6437780,4159855,47519982,0,0,@ nikainna1107 sama,NI
5094,10421955,4159855,33132085,0,0,@makmek m,NI
5099,13164977,4159855,46156099,0,3,Service by seller is ok,NI
5104,5290088,4159855,30995952,0,0,dont buy,PQ
5107,2630818,4159855,30265823,0,0,Ready stock ke?,SMI
5109,27483191,4159855,258205606,0,0,Still available,NI
5113,5785208,4159855,30063251,0,0,Can use at low light side for saga flx?,SMI
5118,13063588,4159855,63008927,0,0,postage to sarawak brpa?,SMI
5125,9250438,4159855,30261562,0,3,Received within 13 days..Lure so small. Like micro,PIM
5126,4731515,4159855,35699073,1,4,Goods until well,NI
5133,4488095,4159855,58723042,0,0,Is it in stock,SMI
5138,18042321,4159855,228789991,0,3,"Shorter than expected... 
It's about half time shorter than the normal length",PIM
5139,11073196,4159855,90402637,0,0,Blue color is not,SMI
5140,10966388,4159855,43808221,0,0,@zackqia comment sikit blh tak,NI
5157,1608132,4159855,30974420,1,5,No complaints so far,NI
5160,4605365,4159855,33132005,1,5,"Finally, parcel received. According to owner says, it will be arriving 3 to 6 days. Although end up it's took 11 days, but still satisfied. As long as items well received. Thanks :) ",NI
5168,1511623,4159855,30014715,0,0,color blue there?,SMI
5171,7960674,4159855,34658431,0,0,Backlight is white colour? Got wireless?,SMI
5173,12563207,4159855,30046933,0,0,For samsung xleh to,NI
5177,28201117,4159855,34464101,1,5,Excellent service by seller,NI
5188,7896865,4159855,50236164,0,2,"Skin is good, but also very small. not bad",PIM
5192,6319832,4159855,46059875,0,0,"response please. mcm mna sy nak oder, if tk response.",SSC
5199,11724737,4159855,30996060,0,0,Hello ?? Still got a stock,SMI
5200,22688370,4159855,33437006,0,3,Product quality is ok,NI
5207,7586340,4159855,30263708,1,5,tq seller,NI
5211,9452265,4159855,30996060,0,3,Item received in good condition but it took much time to wait for item to delivered.,LLDT
5213,918143,4159855,35312660,1,5,Very fast.high quality and high recommended ,NI
5223,9840603,4159855,34049834,0,0,Pm,NI
5245,10899694,4159855,44903764,0,0,Hurry up to him,NI
5250,1943176,4159855,44902488,0,0,Fit on perodua viva?,SMI
5252,7349534,4159855,31291550,0,0,Rm8.50 for a set to?,SMI
5261,8037228,4159855,43449796,0,0,7000 model is there?,SMI
5266,7692813,4159855,46060247,0,0,when will arrived when I order tomorrow?,SMI
5267,4348670,4159855,46060753,-1,1,Its cannot use to my samsung s5,PQ
5271,5749789,4159855,49697931,0,0,7 pattern item for RM5.40?,SMI
5275,36317057,4159855,60804233,0,0,I paid on 27/9/17 tp why until now i xdpt lg ..,LLDT
5280,14482482,4159855,258266393,0,3,Service by seller is ok,NI
5282,8774765,4159855,127314801,0,0,Samsung Galaxy Note 2 N7100 available?,SMI
5288,4056147,4159855,34463963,0,0,@faraheenyaakob and blm bli lgy,NI
5291,12503682,4159855,232320255,0,2,"Delivery time as expected, overall product quality and service is alright but disappointed that some of the product case is dented and one fidget spinner has a visible scratch on it. ",PQ
5302,735432,4159855,33437004,0,0,@pearlwhite okay kejap ya,NI
5316,7475092,4159855,42627460,0,0,?,NI
5319,21534257,4159855,46156099,-1,1,Very poor service by seller,SSC
5335,6418117,4159855,31291503,1,5,tqvm,NI
5369,1195160,4159855,34464061,0,0,Hi @stephie8018 @simonoj have u used it?,SMI
5382,9050535,4159855,34049834,0,0,@nurain.sharip how about the condition? Is it functioning?,SMI
5387,1511623,4159855,44933545,0,0,this can not be used,PQ
5389,7790434,4159855,33475415,0,0,Pm,NI
5398,735432,4159855,33437004,0,0,@pearlwhite hi sis. Want to ask. Lawa is not it? Big size no flowers?,SMI
5401,8964069,4159855,67431924,0,0,No ready stock? All overseas postage?,SMI
5417,8610616,4159855,30264546,0,0,There is a stock of lg ka,NI
5420,5154914,4159855,44934273,0,0,Is it in stock?,SMI
5421,7556572,4159855,30026378,1,5,This is good stuff and cheap. ,NI
5435,2554476,4159855,37519488,1,5,"Received, TQVM! ",NI
5437,8541840,4159855,34049834,1,5,Thx,NI
5439,14746218,4159855,30065784,1,5,"fast shipping, that good - i like fast shipping, tested and receive in normal condition",NI
5448,7233171,4159855,41771603,0,0,Boley connect dgn laptop so?,SMI
5449,7643248,4159855,34464096,0,0,Phone,NI
5455,6367590,4159855,33132085,0,0,Iphone 5 model is it suitable or not?,SMI
5458,8351334,4159855,33770418,0,0,Ade lg x??,NI
5461,5508438,4159855,38056931,0,0,Lg x?,NI
5471,10872731,4159855,63008915,0,0,Ready stok,NI
5491,4181792,4159855,29728224,0,0,Hello I when I want make payment it say need to pay for delivery oh...,SMI
5498,5853574,4159855,31291503,1,4,A bit late delivery and packing broken,"LS,LLDT"
5506,15207170,4159855,58723194,0,0,Using plug or battery?,SMI
5519,8633676,4159855,46161964,0,0,???????,NI
5521,19271393,4159855,31291511,0,3,Product quality is ok,NI
5523,6386871,4159855,30065929,1,5,Love it,NI
5532,7679992,4159855,54673761,1,5,Bad .. i didnt get my things yet..,LLDT
5535,2560063,4159855,46059763,1,5,Better than imagined ... yes,NI
5536,9750080,4159855,30064309,0,0,Ad number fon x??.. Blh whatsap sy x..0173063624,SMI
5548,7006345,4159855,34463963,0,0,@queen43 can i buy from u for m size,SMI
5550,7790695,4159855,46061370,1,5,Good price,NI
5553,16564933,4159855,36014569,0,0,I want 5 day,NI
5562,28126423,4159855,63008158,0,0,Boss still stock to,NI
5564,11805435,4159855,36014653,0,0,How to order this?,SMI
5568,7875112,4159855,29733732,0,0,@azirahhalim @weidong_ooi @publicstranger @eonerixn  how much does the delivery cost?,SMI
5569,7199725,4159855,30064400,0,0,How can i buy,SMI
5571,7138180,4159855,30043908,0,0,195472207,NI
5573,3836448,4159855,33475434,0,0,How much is the internal storage ? Can we use it without external sd card ?,SMI
5578,7649894,4159855,33132085,0,0,Which is universal to?,SMI
5584,3910876,4159855,31291516,1,4,"tiny..but selection of 3 method of light...bright,medium n blink",NI
5600,5447826,4159855,46161964,0,0,@husnaasyakirah can u send the picture of the bag,NI
5608,10888379,4159855,34464024,0,0,How many colors do you have?,SMI
5611,7964787,4159855,60804233,1,5,"Love the colour and the design. Big space inside and can hold many things, including an iPad. My only complaint is that the shoulder strap is a little short, but it's",NI
5612,177592,4159855,30065061,1,5,Good.,NI
5614,6632838,4159855,33770400,1,5,Valuables and good services. Thx...,NI
5635,4299459,4159855,30268547,0,0,Bro this one,NI
5639,7566942,4159855,30065424,0,0,can l check with u this for which car use?,SMI
5643,9668821,4159855,29733726,0,0,Pm 0174150169,NI
5652,8103486,4159855,30025748,0,2,Looks can't kill mosquito ..,PQ
5656,13654899,4159855,29733739,1,5,Product quality is ok Delivery time as expected,NI
5657,22404945,4159855,232320255,1,5,Excellent service by seller. Products shipped out fr China and received in good condition. Seller is also helpful in answering questions (take some time to reply but thats ok).,NI
5677,4181792,4159855,32062154,0,3,Colour different from photo but still is cheap ,PIM
5696,7396931,4159855,34049834,0,0,I've got a tank up to rm180 ...,NI
5713,4962893,4159855,29733726,0,3,Quality is Ok,NI
5724,4994644,4159855,41650445,1,5,"Excellent packing n the fist seems to work well, hopefully it'll last long. Will keep products updated :)",NI
5734,19891500,4159855,63008212,1,5,Good to be true....,NI
5736,13135497,4159855,33475434,0,0,@ My heart is a joke .. Did the mouth of Radio Teak sell?,SMI
5739,6592674,4159855,38333364,0,0,With camera,NI
5741,5943644,4159855,33770439,1,5,Reach Kuala Lumpur within 2 weeks. ,NI
5743,5681860,4159855,36014559,1,5,Very strong vibration n cute. ,NI
5753,13403114,4159855,47121694,0,0,this ok,NI
5756,4161139,4159855,30974427,0,0,"@yuszrina
sorry,could you please speak English or Chinese?any question,pls contract us by chatting",NI
5757,13872955,4159855,33770431,-1,1,With out charger cable . If out headphone this i can accept with out cable for chargea . Never mind i draw it already . Make sure check it up incluiding and with out what also wont let customer know . I first time make orfer with this company . ,PIM
5773,10729744,4159855,29733727,0,0,@syafiqahhussin yes..,NI
5775,6822856,4159855,33475415,1,5,nice items and nice service,NI
5781,8843415,4159855,38333386,1,5,Excellent,NI
5793,1547132,4159855,30015776,1,5,Good service. Thanks :),NI
5797,27832937,4159855,258266393,-1,1,Very poor product quality Delivery time below expectation Very poor service by seller,"PQ,LLDT,SSC"
5805,3638343,4159855,35312630,1,5,Remember no batteries. It's clearly stated.,NI
5814,4992803,4159855,30982870,0,0,Can we choose the color..? Does gold instock? :),SMI
5815,18688658,4159855,33475447,-1,1,Delivery time below expectation,LLDT
5816,5592804,4159855,37519544,0,0,for phone can ???,SMI
5837,8327323,4159855,31291524,0,0,hello i want to order .. there is no stock ..,SMI
5841,1515379,4159855,31291550,0,0,@sakinajohari. Blow yourself,NI
5846,10020845,4159855,30974444,1,5,Tq fast service i like all the item i buy pretty much.,NI
5847,8422034,4159855,35394467,1,5,trusted.fast tq,NI
5850,2808960,4159855,35700944,0,0,You want to buy it.,NI
5851,4184097,4159855,77993414,0,0,Can it compatible with my samsung note 4?,SMI
5857,8056817,4159855,30260509,0,0,Length this product??,SMI
5864,29205044,4159855,30050199,0,2,Tempered glass broke ..parcel did not pack safely,PQ
5871,12904986,4159855,31291550,1,4,Delivery time below expectation.  Product quality is ok Service by seller is ok,LLDT
5873,3638343,4159855,34049834,0,0,@josephtanww it looks fine,NI
5876,5378288,4159855,58727574,0,0,This is brand from baofeng or what ?,SMI
5880,22404945,4159855,114409102,1,5,Excellent service by seller. Products shipped out fr China and received in good condition. Seller is also helpful in answering questions (take some time to reply but  thats ok).,NI
5881,13403114,4159855,47121694,0,0,take photo Clear or no？,SMI
5882,4706614,4159855,30048500,0,3,Slow delivery,LLDT
5887,4350067,4159855,44882429,0,0,Still available？,NI
5892,6529365,4159855,33770485,1,5,Received in good condition. Functioning just fine. TQ!!,NI
5896,7049578,4159855,33475415,0,3,Delivery time as expected Product quality is ok,NI
5908,31734006,4159855,30012169,1,4,Delivery time as expected,NI
