Electronics,HOTTEST GLOBAL GADGET DEALS,,120,0
Electronics,Anti-Smoking Campaign,,240,426
Electronics,MOBILES & TABLETS,Mobiles,28078,40945
Electronics,MOBILES & TABLETS,Tablets,3627,2378
Electronics,MOBILES & TABLETS,Mobile Accessories,8707875,8052
Electronics,MOBILES & TABLETS,Wearable Technology,851188,24430
Electronics,MOBILES & TABLETS,Mobile Bundle Deals,2760,12704
Electronics,Cameras,Mirrorless Cameras,1431,528
Electronics,Cameras,Security Cameras,120249,5092
Electronics,Cameras,Car Cameras,317438,6885
Electronics,Cameras,Video Action Cameras ,110872,4559
Electronics,Cameras,DSLRs,8780,333
Electronics,Cameras,Instant Cameras ,8383,1567
Electronics,Cameras,Compact Cameras,6075,573
Electronics,Cameras,Drones,3305,995
Electronics,Cameras,Unique Cameras,728067,1441
Electronics,Cameras,Camera Accessories,924407,29827
Electronics,Cameras,Camera Bundle Deals,960,3030
Electronics,Consumer Electronics,Televisions,3292,4925
Electronics,Consumer Electronics,Console Gaming,235920,10277
Electronics,Consumer Electronics,Video,118724,6130
Electronics,Consumer Electronics,Audio,1188940,17561
Electronics,Consumer Electronics,Gadgets Bundle Deals,1680,6868
Electronics,Consumer Electronics,Trade In TV for RM500 Voucher,120,0
Electronics,COMPUTERS & LAPTOPS,Laptops,75833,2277
Electronics,COMPUTERS & LAPTOPS,Desktop Computers,18139,598
Electronics,COMPUTERS & LAPTOPS,Computer Accessories,4228980,7685
Electronics,COMPUTERS & LAPTOPS,PC Bundle Deals,960,4554
Women's Fashion,TAOBAO COLLECTION FOR WOMEN,Dresses Below RM30,3167,-1
Women's Fashion,TAOBAO COLLECTION FOR WOMEN,Blouses Below RM30,38411,-1
Women's Fashion,BRANDS WE LOVE,,120,0
Women's Fashion,NEW ARRIVALS,,9000,1329
Women's Fashion,WORLD OF WATCHES,,120,0
Women's Fashion,PONEY Baby Clothes - Starting from RM19,,240,42
Women's Fashion,CELARANCE SALE,,960,2971
Women's Fashion,WOMEN'S FASHION,,3449102,-1
Women's Fashion,WOMEN'S CLOTHINGS,Dresses,600269,-1
Women's Fashion,WOMEN'S CLOTHINGS,Blouses,133154,-1
Women's Fashion,WOMEN'S CLOTHINGS,Muslim Wear,71838,-1
Women's Fashion,WOMEN'S CLOTHINGS,Jeans,29961,-1
Women's Fashion,WOMEN'S CLOTHINGS,Lingerie & Nightwear,288420,-1
Women's Fashion,KIDS & BABIES,Boys,209752,-1
Women's Fashion,KIDS & BABIES,Girls,232595,-1
Women's Fashion,SHOP WOMEN JEWELLERY,Jewellery Under RM39.90,1307791,9096
Women's Fashion,SHOP ALL 999.9 FINE GOLD,,120,0
Women's Fashion,SHOP ALL BAGS,Tote Bags,297773,5904
Women's Fashion,SHOP ALL BAGS,Purse & Wallets,801787,4600
Women's Fashion,SHOP ALL BAGS,Cross Body,1021287,10273
Women's Fashion,SHOP ALL BAGS,Handbags less than RM49,523087,-1
Women's Fashion,SHOP ALL BAGS,Backpacks Under RM49,58105,3061
Women's Fashion,SHOP ALL SUNGLASSES,Ray-ban,120,0
Women's Fashion,SHOP ALL SUNGLASSES,Bruno Dunn,403,158
Women's Fashion,SHOP ALL SUNGLASSES,Coastal Vision,120,0
Women's Fashion,SHOP ALL SUNGLASSES,Rudy Project,360,5
Women's Fashion,SHOP ALL SUNGLASSES,JRS,120,0
Women's Fashion,SHOP ALL SUNGLASSES,Women Sunglasses Under RM19.90,4170,6
Women's Fashion,SHOP ALL SUNGLASSES,Women Sunglasses Bundle,1055,443
Women's Fashion,SHOP ALL SHOES,Sneakers,136474,-1
Women's Fashion,SHOP ALL SHOES,Flats,86709,-1
Women's Fashion,SHOP ALL SHOES,Wedges,11000,-1
Women's Fashion,SHOP ALL SHOES,Sandals,72094,-1
Men's Fashion,TAOBAO COLLECTION - MEN'S FASHION,,120,0
Men's Fashion,BRANDS WE LOVE,,120,0
Men's Fashion,NEW ARRIVALS,,9000,1329
Men's Fashion,WORLD OF WATCHES,,120,0
Men's Fashion,Just Landed - Clarks RM100 Off,,240,82
Men's Fashion,CLEARANCE SALE,,960,2971
Men's Fashion,MEN'S CLOTHINGS,Shirts,102433,-1
Men's Fashion,MEN'S CLOTHINGS,Muslim Wear,3351,-1
Men's Fashion,MEN'S CLOTHINGS,Pants,72990,-1
Men's Fashion,MEN'S CLOTHINGS,Underwear,59348,-1
Men's Fashion,SHOP ALL WATCHES,Watches under RM39.90,1728821,20720
Men's Fashion,MEN'S ACCESSORIES,Accessories under RM39.90,124945,-1
Men's Fashion,SHOP ALL BAGS,Messenger bags,116063,1761
Men's Fashion,SHOP ALL BAGS,Business Bags,147707,606
Men's Fashion,SHOP ALL BAGS,Backpacks,319874,2962
Men's Fashion,SHOP ALL BAG