name,price,price_discount,url,rating,review,seller,seller_rating,shipping_fee,category_level1,category_level2,category_level3,item_sold,local_overseas,V1,P1,Q1,V2,P2,Q2,V3,P3,Q3,V4,P4,Q4,V5,P5,Q5,V6,P6,Q6,V7,P7,Q7,V8,P8,Q8,V9,P9,Q9,V10,P10,Q10
[CLUBCLIO Official e-Store] Peripera F/W NEW item! INK Cloud Velvet,,14.30,http://list.qoo10.sg/item/CLUBCLIO-OFFICIAL-E-STORE-PERIPERA-F-W-NEW-ITEM-INK-CLOUD-VELVET/550313319,5,0,CLUBCLIO,80%, $3.90,Cosmetics,Makeup,Lipstick,,South Korea,1 PREMIUM RED - Qty : 90,,90,2 HEART RED ORANGE - Qty : 91,,91,3 PURE APRICOT CORAL - Qty : 87,,87,4 PRETTY FUCHSIA - Qty : 90,,90,5 RADISH ROSE - Qty : 78,,78,,,,,,,,,,,,,,,
[CLUBCLIO Official e-Store]FashIon Peoples Carrier Mini Ink Set/ Vivid Juice Box,,19.99,http://list.qoo10.sg/item/PERIPERA-CLUBCLIO-OFFICIAL-E-STORE-FASHION-PEOPLES-CARRIER-MINI-INK-SET/537114682,5,75,CLUBCLIO,80%, Free,Cosmetics,Makeup,Lipstick,149,South Korea,001 K-Pop Girl (Pink) - Qty : 83,,83,002 New-Yorker (Yellow) - Qty : 65,,65,PERIPERA VIVID TINT WATER MINI JUICE BOX - Qty : 196,,196,,,,,,,,,,,,,,,,,,,,,
★2017 FW NEW In Stock Now!!★1+1★[PERIPERA] Ink Airy Velvet / Ink the Velvet [Beauti Topping],23.00,13.90,http://list.qoo10.sg/item/PERIPERA-2017-FW-NEW-IN-STOCK-NOW-1-1-PERIPERA-INK-AIRY-VELVET-INK-THE/517024610,5,"1,686",Beauti Topping,90%, $1.90,Cosmetics,Makeup,Lip Gloss,"1,324",South Korea,(NEW)Airy #07 MY BROWN CORAL(+$1.00),+$1.00,,(NEW)Airy #08 GLIMPSE BRICK BROWN(+$1.00),+$1.00,,(NEW)Airy #09 LEGEND BROWN RED(+$1.00),+$1.00,,(NEW)Airy #10 DRY ROSE BROWN(+$1.00),+$1.00,,(NEW)Perikiki Airy #01 Heart Grapefruit(+$1.00),+$1.00,,(NEW)Perikiki Ink velvet #02 So Grapefruit(+$1.00),+$1.00,,(NEW)Perikiki Ink velvet #14 Beauty peak Rose(+$1.00),+$1.00,,(NEW)Perikiki Ink velvet #15 Girlish Red(+$1.00),+$1.00,,Airy #01 HEART GRAPEFRUIT,,,Airy #02 PRETTY ORANGE PINK,,
MKUP® Makeup Happy Stick Primer Brush Eyebrow Mousse Cleanser Cleansing,58.90,27.90,http://list.qoo10.sg/item/MKUP-MKUP-MAKEUP-HAPPY-STICK-PRIMER-BRUSH-EYEBROW-MOUSSE-CLEANSER/430966140,5,"1,219",MKUP SG Official e-Store,90%,"$4.50 
															",Cosmetics,Makeup,Eyeliner,,Domestic,5D Illuminating Primer,,,5D Precision Master Brush,,,5D Slim Precision Master Brush,,,Airy Blending Powder Master Brush,,,Calendula Extract Deep Cleansing Mousse,,,Camellia Extract Eye Lip Remover,,,Deep Pore Cleansing Milk,,,Flawless Perfect Glow (Oil Control),,,Flawless Perfect Glow (Oil Control) - Refill,,,Happy Makeup Day Sticks,,
[Etude House ★ Innisfree] Eyeliner Eyebrow ★ No-Sebum Powder ★The Saem Cover Perfection Tip Concealer ★ Saemmul Perfect Pore Powder ★ April Skin Magic Snow Cream,10.00,5.90,http://list.qoo10.sg/item/ETUDE-HOUSE-INNISFREE-EYELINER-EYEBROW-NO-SEBUM-POWDER-THE-SAEM/470689079,5,"1,395",XIAOLAOSHU,90%,"Free 
															",Cosmetics,Makeup,Eyeliner,,Domestic,Drawing Show Brush liner ★ Etude House,,,Drawing Eye Brow ★ Etude House,,,Tip Concealer ★ The Saem,,,No Sebum Mineral Powder ★ Innisfree,,,No Sebum Blur Powder ★ Innisfree,,,Play 101 Stick Contour Duo ★ Etude House,,,Saemmul Perfect Pore Powder ★ The Saem,,,Magic Snow Cream ★ April Skin,,,Drawing Eye Brow ★ Max Dona,,,Blend For Eyes ★ Etude House,,
[APRILSKIN] ★ Magic Snow Cushion 2.0 ★ April Skin All Item Collection [Beauti Topping],,11.90,http://list.qoo10.sg/item/APRILSKIN-APRILSKIN-MAGIC-SNOW-CUSHION-2-0-APRIL-SKIN-ALL-ITEM-COLLECTION/441110576,5,"12,532",Beauti Topping,90%, $2.90,Cosmetics,Makeup,Face Powder / Pact,,South Korea,Magic Snow Cushion,,,Rose Glam Foundation,,,Magic Brow Tattoo Gel,,,UV protect,,,Signature Soap,,,4D Stick,,,Pinky Piggy,,,Fixing Tint,,,Magic Oil Tint,,,Cream,,
COMBINE QOO10 AND SHOP COUPON! ONLY $29.20 TODAY! FREE SHIPPING! BEAUTYMAKER Limited Edition ♥ Luxury Foundation Gift Set ♥ Caviar Elastic P,78.00,78.00,http://list.qoo10.sg/item/BEAUTYMAKER-COMBINE-QOO10-AND-SHOP-COUPON-ONLY-29-20-TODAY-FREE-SHIPPING/532817543,5,52,YuYu,90%,"Free 
															",Cosmetics,Makeup,Others,,Domestic,Ivory,,,Beige,,,,,,,,,,,,,,,,,,,,,,,,,,
BREEZY ★ [CLIO] Gelpresso Waterproof Gel Liner / Best Selling EyeLiner of Clio / eyeliner / brush liner / pen Type / Eye Makeup / Eyebrow / Twistturn /,,8.99,http://list.qoo10.sg/item/CLIO-BREEZY-CLIO-GELPRESSO-WATERPROOF-GEL-LINER-BEST-SELLING-EYELINER/413563479,5,"5,801",Best Price BREEZY,90%, $1.90,Cosmetics,Makeup,Eyeliner,,South Korea,01) Gelpresso Gel Liner,,,05) Brush Liner,,,06) Pen Liner,,,07) Turnliner Twistern,,,,,,,,,,,,,,,,,,,,
【2017 HOT SELLING】❤ LADY YOYO EYEBROW STAMP ❤ One Step Natural Eyebrow Stamp! Printing Perfect Brows,,3.90,http://list.qoo10.sg/item/2017-HOT-SELLING-LADY-YOYO-EYEBROW-STAMP-ONE-STEP-NATURAL-EYEBROW/442281223,5,793,MoonKissViolet,90%,"$1.00 
															",Cosmetics,Makeup,Others,,Domestic,#01 Greyish-Black(+$1.00) - Qty : 788,+$1.00,788,#02 Caramel-Brown(+$1.00) - Qty : 677,+$1.00,677,#03 Dark Brown(+$1.00) - Qty : 550,+$1.00,550,Nil - Sold Out,,,,,,,,,,,,,,,,,,,,
1+1 Super deal [BBIA] Last Auto Gel Eyeliner /Long Lasting/Highly Recommended/Quick Drying,22.00,9.90,http://list.qoo10.sg/item/BBIA-1-1-SUPER-DEAL-BBIA-LAST-AUTO-GEL-EYELINER-LONG-LASTING-HIGHLY/534030128,5,134,My Beauty Moments,90%,"Free 
															",Cosmetics,Makeup,Eyeliner,17:00,Domestic,Basic - 01 NOIR P,,,Basic - 10 NOIR,,,Basic - 20 JAZZ,,,Basic - 02 MELLOW BROWN,,,Basic -  22 ROYAL BRONZE,,,Basic - 03 BURGUNDY,,,Basic - 55 FIFTIES(50s),,,Basic - 40 ANGEL,,,Basic - 04 ROSE GOLD,,,Choco - V1 BROWNIE,,
(30% OFF PROMO!!) U.P. $22.90 Award-Winner! No.1 in Japan - K-Palette Japan Top-Selling Eyeliners,22.90,12.90,http://list.qoo10.sg/item/KPALETTE-30-OFF-PROMO-U-P-22-90-AWARD-WINNER-NO-1-IN-JAPAN-K-PALETTE/444145770,5,"1,370",Beauty Carousel,90%,"$3.99 
															",Cosmetics,Makeup,Eyeliner,17:00,Domestic,Clearance,,,DISNEY Edition Eyeliner,,,Essence in Shadowliner,,,LTD EDT Eyeliner,,,Smudgeproof Eyeliner,,,Waterproof 24H Eyeliner,,,,,,,,,,,,,,
★2017 FW NEW★1+1★NEW★PERIPERA★Ink Airy Velvet / Ink the Velvet / Perikiki [Beauti Topping],,13.80,http://list.qoo10.sg/item/CLIO-2017-FW-NEW-1-1-NEW-PERIPERA-INK-AIRY-VELVET-INK-THE-VELVET/495621084,5,361,Beauti Topping,90%, $1.90,Cosmetics,Makeup,Lipstick,,South Korea,(NEW)Airy #06 IT BROWN ORANGE(+$1.00),+$1.00,,(NEW)Airy #07 MY BROWN CORAL(+$1.00),+$1.00,,(NEW)Airy #08 GLIMPSE BRICK BROWN(+$1.00),+$1.00,,(NEW)Airy #09 LEGEND BROWN RED(+$1.00),+$1.00,,(NEW)Airy #10 DRY ROSE BROWN(+$1.00),+$1.00,,(NEW)Perikiki Airy #01 Heart Grapefruit(+$1.00),+$1.00,,(NEW)Perikiki Ink velvet #02 So Grapefruit(+$1.00),+$1.00,,(NEW)Perikiki Ink velvet #14 Beauty peak Rose(+$1.00),+$1.00,,(NEW)Perikiki Ink velvet #15 Girlish Red(+$1.00),+$1.00,,Airy #01 HEART GRAPEFRUIT,,
★ 3W Clinic ★  Natural Make-up Powder (Dodo Palgantong),25.00,4.93,http://list.qoo10.sg/item/3W-CLINIC-3W-CLINIC-NATURAL-MAKE-UP-POWDER-DODO-PALGANTONG/410746225,5,"5,722",Princess Pink,90%,"$3.99 
															",Cosmetics,Makeup,Face Powder / Pact,,Domestic,#10 Translucent Pearl - Qty : 393,,393,#21 Light Beige - Qty : 419,,419,#23 Natural Beige - Qty : 1454,,1454,,,,,,,,,,,,,,,,,,,,,
【Secret Key HQ Direct Operation】 ♥Free shipping♥ Tattoo Eyebrow Tint Pack_8g,,7.30,http://list.qoo10.sg/item/SECRET-KEY-SECRET-KEY-HQ-DIRECT-OPERATION-FREE-SHIPPING-TATTOO-EYEBROW/481158784,5,"1,270",secretkey1,90%, Free,Cosmetics,Makeup,Eyeliner,,South Korea,Mlk brown(Cafe Latte),,,Mocha brown(Cafe Mocha),,,Choco brown(Choco farappucino),,,Ash brown(Espresso),,,Cherry red,,,Candy orange,,,Lovely Pink,,,Scaret red,,,Plum purple,,,,,
[SOFINA]♥女人我最大Sofina Primavista Ange Powder Foundation UV SPF20 PA++♥Shine Free♥Sebum Free♥Conceal♥,47.50,15.00,http://list.qoo10.sg/item/SOFINA-SOFINA-%e5%a5%b3%e4%ba%ba%e6%88%91%e6%9c%80%e5%a4%a7SOFINA-PRIMAVISTA-ANGE-POWDER-FOUNDATION-UV-SPF20/423173165,5,758,YuYu,90%,"$3.99 
															",Cosmetics,Makeup,Face Powder / Pact,,Domestic,Moisture Keep Base UV SPF15++ (Normal-Dry Skin)(+$6.80) - Qty : 31,+$6.80,31,Long Keep Base UV SPF25++ (Normal-Oily Skin)(+$7.80) - Qty : 13,+$7.80,13,Powder Foundation Refill OC01(+$13.00) - Qty : 4,+$13.00,4,Powder Foundation Refill OC03(+$13.00) - Qty : 14,+$13.00,14,Powder Foundation Refill OC05(+$13.00) - Qty : 19,+$13.00,19,Powder Foundation Refill PO03(+$13.00) - Qty : 7,+$13.00,7,Shine Control / Pore Coverage Loose Powder(+$11.80) - Qty : 3,+$11.80,3,Liquid Foundation OC1(+$15.00) - Sold Out,+$15.00,,Liquid Foundation OC3(+$15.00) - Sold Out,+$15.00,,Liquid Foundation OC5(+$15.00) - Qty : 8,+$15.00,8
[seaNtree]_face|BB cream|Blusher|Lipstick|Mascara|Eyeshadow|Foundation|Make Base|Cushion,35.90,29.50,http://list.qoo10.sg/item/SEANTREE-SEANTREE-FACE-BB-CREAM-BLUSHER-LIPSTICK-MASCARA-EYESHADOW-FOUNDATION/547755630,5,81,TSupply,90%,"$3.99 
															",Cosmetics,Makeup,Others,,Domestic,[seaNtree] Mono Cheek,,,[seaNtree]  Ultra Base Primer 2,,,seaNtree] CELEB CUSHION,,,[seaNtree] Quick Styling Dual Eyebrow Cake,,,[seaNtree] Quick Styling Eyebrow Pencil,,,[seaNtree] 3X3 EYESHADOW,,,[seaNtree] Quick Styling Gel Pencil Liner,,,[seaNtree] Cushion Plus Lip Tint,,,[seaNtree] Cushion Plus Lip Tint Mattkiss,,,[seaNtree] Moisture Steam Lip Balm (Stick),,
♦ KOREA STYLE 71 SHINY AIR CUSHION ♥ FIRST JEWELLERY DESIGN CUSHION ♥,29.90,18.90,http://list.qoo10.sg/item/KOREA-STYLE-71-SHINY-AIR-CUSHION-FIRST-JEWELLERY-DESIGN-CUSHION/473143733,5,580,Healthy port,90%, $3.99,Cosmetics,Makeup,Face Powder / Pact,,Domestic,,,,,,,,,,,,,,,,,,,,,,,,,,,,,,
KISS ME HEROINE MAKE SMOOTH LIQUID EYELINER | WATERPROOF | LONG LASTING,,4.90,http://list.qoo10.sg/item/KISS-ME-HEROINE-MAKE-SMOOTH-LIQUID-EYELINER-WATERPROOF-LONG-LASTING/541489138,5,44,DEALS 365,90%,"$3.99 
															",Cosmetics,Makeup,Eyeliner,,Domestic,#01 Liquid Eyeliner (泣いても密着!) BLACK(+$1.00) - Qty : 17,+$1.00,17,,,,,,,,,,,,,,,,,,,,,,,,,,,
[AWARD WINNER] 10000 sold! Laura Mercier Loose Setting Powder 29g/1oz (# Translucent),77.00,50.90,http://list.qoo10.sg/item/AWARD-WINNER-10000-SOLD-LAURA-MERCIER-LOOSE-SETTING-POWDER-29G/427747371,5,652,COSME-DE.COM,90%,,Cosmetics,Makeup,Face Powder / Pact,,Hong Kong,,,,,,,,,,,,,,,,,,,,,,,,,,,,,,
STORE COUPON + FREE SHIPPING!! TODAY ONLY!☀3+1 Lip Kit☀ A:Concept Korea - 3 Lipstick + 1 Concealer,59.90,15.80,http://list.qoo10.sg/item/ACONCEPT-STORE-COUPON-FREE-SHIPPING-TODAY-ONLY-3-1-LIP-KIT-A-CONCEPT-KOREA/503620169,5,56,Waseyo,90%,"$2.99 
															",Cosmetics,Makeup,Lipstick,,Domestic,,,,,,,,,,,,,,,,,,,,,,,,,,,,,,
BREEZY ★ [Clio] Kill Brow Tattoo Eye Makeup Line / Tinted Tattoo Kill Brow / Lasting Gel Pencil / Tattoo Pen(Single Type) / All Day Tattoo Brow Cara / Eye Make up / Eyeliner / Eyebrow / Mascara,,8.99,http://list.qoo10.sg/item/CLIO-BREEZY-CLIO-KILL-BROW-TATTOO-EYE-MAKEUP-LINE-TINTED-TATTOO-KILL/438655176,5,"1,296",Best Price BREEZY,90%, $1.90,Cosmetics,Makeup,Eyeliner,,South Korea,01) Tinted Tatoo Kill Brow #001 Earth Brown(+$7.00) - Qty : 705,+$7.00,705,01) Tinted Tatoo Kill Brow #002 Soft Brown(+$7.00) - Qty : 88,+$7.00,88,01) Tinted Tatoo Kill Brow #003 Dark Brown(+$7.00) - Qty : 794,+$7.00,794,02) Lasting Gel Pencil 0.4g #01 Natural Brown - Qty : 770,,770,02) Lasting Gel Pencil 0.4g #02 Light Brown - Qty : 90,,90,03) Tatoo Pen (Single Type) 2.8g #01 Earth Brown(+$3.00) - Qty : 847,+$3.00,847,03) Tatoo Pen (Single Type) 2.8g #02 Soft Brown(+$3.00) - Qty : 145,+$3.00,145,03) Tatoo Pen (Single Type) 2.8g #03 Dark Brown(+$3.00) - Qty : 770,+$3.00,770,04) All Day Tattoo Brow Cara #01 Natural Brown(+$4.00) - Qty : 88,+$4.00,88,04) All Day Tattoo Brow Cara #02 Light Brown(+$4.00) - Qty : 162,+$4.00,162
USE $10 COUPON! ★3 Million Sold★ RapidLash Eyelash n Eyebrow enhancing serum! GrandeLash Serum.,129.00,50.00,http://list.qoo10.sg/item/RAPID-LASH-USE-10-COUPON-3-MILLION-SOLD-RAPIDLASH-EYELASH-N-EYEBROW-ENHANCING/425136124,5,952,♥ Mirrorcle World ♥,90%,"$4.99 
															",Cosmetics,Makeup,Mascara,,Domestic,(Sale)GrandeBROW EyeBrow Enhancing Serum 1box - Qty : 40,,40,GrandeLASH EyeLash Enhancing Serum 1box - Qty : 41,,41,RapidLASH EyeLash Enhancing Serum 1box - Qty : 94,,94,RapidBROW EyeBrow Enhancing Serum 1box(+$10.90) - Qty : 11,+$10.90,11,,,,,,,,,,,,,,,,,,
[BBIA] Last Series/Layers Pencil/Concealer/Corrector/Eyebrow Gel/Eyebrow Pencil/Lipstick Red Series,,5.00,http://list.qoo10.sg/item/BBIA-LAST-SERIES-LAYERS-PENCIL-CONCEALER-CORRECTOR-EYEBROW-GEL/536505755,5,217,My Beauty Moments,90%,"$1.50 
															",Cosmetics,Makeup,Lipstick,115,Domestic,Last Layers Pencil,,,Last Concealer,,,Last Corrector,,,Last Eyebrow Gel,,,Last Eyebrow Pencil,,,Last Lipstick Red Series,,,,,,,,,,,,,,
★1ay Super Deal★BUY 2 FREE 2★APRILSKIN★LANEIGE★SWANICOCO★CLIO★Magic Snow Cushion Black 2.0/Pore Cont,46.62,16.90,http://list.qoo10.sg/item/APRILSKIN-1AY-SUPER-DEAL-BUY-2-FREE-2-APRILSKIN-LANEIGE-SWANICOCO-CLIO/442304877,5,"1,660",Beauti Topping,90%, $1.90,Cosmetics,Makeup,Face Powder / Pact,210,South Korea,Swan Cushion,,,Beige Chuu,,,Aprilskin Cushion,,,LANEIGE Cushion,,,CLIO Cushion,,,,,,,,,,,,,,,,,
【Secret Key HQ Direct Operation】[1+1+1]Twinkle Gel Pencil Liner Auto_0.5g/ Waterproof eyeliner,25.50,18.00,http://list.qoo10.sg/item/SECRET-KEY-SECRET-KEY-HQ-DIRECT-OPERATION-1-1-1-TWINKLE-GEL-PENCIL-LINER/420782478,5,"5,061",secretkey1,90%, $1.99,Cosmetics,Makeup,Eyeliner,,South Korea,01.Mocha borwn,,,02.Beige shine,,,03.Gold beige,,,04.Warm bronze,,,05.Choco brown,,,06.Burgundy,,,07.Dark purple,,,08.Golden khaki,,,09.Metalic ash,,,10.Deep black,,
NOVO EYESHADOW STICK * OMBRE * ONE STEP/SWIPE APPLICATION * SMOKEY EFFECT * SHIMMER,,10.90,http://list.qoo10.sg/item/NOVO-EYESHADOW-STICK-OMBRE-ONE-STEP-SWIPE-APPLICATION-SMOKEY/525706633,5,78,SkinDaes,90%,"$3.99 
															",Cosmetics,Makeup,Eye Shadow,,Domestic,Novo Eyeshadow Stick,,,,,,,,,,,,,,,,,,,,,,,,,,,,,
★Innisfree★  No Sebum Mineral Powder (5g)/Pact(8.5g)/Primer(25ml),,6.90,http://list.qoo10.sg/item/INNISFREE-INNISFREE-NO-SEBUM-MINERAL-POWDER-5G-PACT-8-5G-PRIMER-25ML/404263060,5,"6,741",Pretty Shop,90%, $1.90,Cosmetics,Makeup,Face Powder / Pact,,South Korea,Mineral Powder - Qty : 346,,346,Blur Powder(+$1.90) - Qty : 158,+$1.90,158,Iimited Mineral Powder 02(+$1.90) - Qty : 193,+$1.90,193,Mineral Pact(+$4.90) - Qty : 141,+$4.90,141,Blur Pact(+$6.90) - Qty : 170,+$6.90,170,,,,,,,,,,,,,,,
BEAUTY PEOPLE_face|BB cream|Blusher|Lipstick|Mascara|Eyeshadow|Foundation|Make Base|Cushion,40.90,32.50,http://list.qoo10.sg/item/BEAUTY-PEOPLE-BEAUTY-PEOPLE-FACE-BB-CREAM-BLUSHER-LIPSTICK-MASCARA-EYESHADOW/547574400,5,58,TSupply,90%,"$3.99 
															",Cosmetics,Makeup,Others,,Domestic,PRIMER BBO SONG PACT,,,ABSOLUTE RADIANT GIRL CUSHION FOUNDATION,,,ABSOLUTE LOFTY GIRL CUSHION FOUNDATION,,,ABSOLUTE TOK TOK TIP BLUSHER,,,ABSOLUTE COVER FIT LIQUID CONCEALER DUO,,,MISS 100 SUPER WATERPROOF GEL EYELINER,,,BUBBLE GGUM MASCARA,,,WATERPROOF FORMULA AUTO PENCIL,,,365 STAY WATERPROOF BRUSH PEN EYE LINER,,,BOUNCY OIL GEL TINT GLOW,,
[APIEU] ★1+1★ Water light tint /LIP TINT/ Fruits peel oil complex / korea cosmetI,25.00,9.90,http://list.qoo10.sg/item/APIEU-APIEU-1-1-WATER-LIGHT-TINT-LIP-TINT-FRUITS-PEEL-OIL-COMPLEX/545721145,5,49,odd beauty,90%, $2.90,Cosmetics,Makeup,Lip Gloss,174,South Korea,01. RD01 Red rose,,,02. RD02 Peach,,,03. RD03 Dark rose,,,04. RD04 Berry,,,05. RD05 Tomato,,,06. PK01 Cherry blossom,,,07. CR01 Grapefruit,,,08. CR02 Apricot,,,,,,,,
★HOT DEAL★ [TOO COOL FOR SCHOOL] ART BY RODIN Shading 9.5g / Highlighter 11g / BLUSHER 9.5,40.00,30.00,http://list.qoo10.sg/item/TOO-COOL-FOR-SCHOOL-HOT-DEAL-TOO-COOL-FOR-SCHOOL-ART-BY-RODIN-SHADING-9-5G-HIGHLIGHTER/489919275,5,278,LuxuryGarden_KR,90%, $2.90 ~,Cosmetics,Makeup,Others,137,South Korea,Rodin Shading ⓘC000265ⓟ(-$14.20) - Qty : 80,-$14.20,80,Rodin Highlighter ⓘC000701ⓟ(-$14.20) - Qty : 60,-$14.20,60,Rodin Blusher ⓘC001532ⓟ(-$14.20) - Qty : 60,-$14.20,60,Rodin SET 1 (Shading+Blusher )ⓘC001943ⓢⓟ - Qty : 60,,60,Rodin SET 2 (Shading+Highlighter)ⓘC001944ⓢⓟ - Qty : 60,,60,Rodin SET 3 (Blusher+Highlighter)ⓘC001945ⓢⓟ - Qty : 60,,60,ARTIFY OIL CONTROL PRIMERⓘC000299ⓟ(-$15.00) - Qty : 60,-$15.00,60,DINOPLATZ DEAR BRACHIOSAURUS #2 Green teaⓘC001651ⓟ(-$15.00) - Qty : 60,-$15.00,60,DINOPLATZ DEAR BRACHIOSAURUS #3 CharcoalⓘC001652ⓟ(-$15.00) - Qty : 60,-$15.00,60,3CE MATTE LIP COLOR #805 ⓘC000674ⓟ(-$13.00) - Qty : 60,-$13.00,60
